Starting port-forwards...

✓ ovnkube-control-plane-d48758dd6-887vx -> localhost:8100
✓ ovnkube-control-plane-d48758dd6-l2k8r -> localhost:8101
✓ ovnkube-node-cnfdr -> localhost:8200
✓ ovnkube-node-gdz94 -> localhost:8201
✓ ovnkube-node-sfnn6 -> localhost:8202
✓ ovnkube-node-v4l78 -> localhost:8203
✓ ovnkube-node-wzj4f -> localhost:8204

All port-forwards started!
Press Ctrl+C to stop all port-forwards

[11:42:45] Port-forwards alive: 7, dead: 0
[11:43:45] Port-forwards alive: 7, dead: 0
[11:44:45] Port-forwards alive: 7, dead: 0
[11:45:45] Port-forwards alive: 7, dead: 0
[11:46:45] Port-forwards alive: 0, dead: 7
WARNING: Some port-forwards have died!
Restart the script to re-establish connections.
[11:47:45] Port-forwards alive: 0, dead: 7
WARNING: Some port-forwards have died!
Restart the script to re-establish connections.
[11:48:45] Port-forwards alive: 0, dead: 7
WARNING: Some port-forwards have died!
Restart the script to re-establish connections.
[11:49:46] Port-forwards alive: 0, dead: 7
WARNING: Some port-forwards have died!
Restart the script to re-establish connections.
[11:50:46] Port-forwards alive: 0, dead: 7
WARNING: Some port-forwards have died!
Restart the script to re-establish connections.
[11:51:46] Port-forwards alive: 0, dead: 7
WARNING: Some port-forwards have died!
Restart the script to re-establish connections.
[11:52:46] Port-forwards alive: 0, dead: 7
WARNING: Some port-forwards have died!
Restart the script to re-establish connections.
[11:53:46] Port-forwards alive: 0, dead: 7
WARNING: Some port-forwards have died!
Restart the script to re-establish connections.
[11:54:46] Port-forwards alive: 0, dead: 7
WARNING: Some port-forwards have died!
Restart the script to re-establish connections.
[11:55:46] Port-forwards alive: 0, dead: 7
WARNING: Some port-forwards have died!
Restart the script to re-establish connections.
[11:56:46] Port-forwards alive: 0, dead: 7
WARNING: Some port-forwards have died!
Restart the script to re-establish connections.
[11:57:46] Port-forwards alive: 0, dead: 7
WARNING: Some port-forwards have died!
Restart the script to re-establish connections.
[11:58:46] Port-forwards alive: 0, dead: 7
WARNING: Some port-forwards have died!
Restart the script to re-establish connections.
[11:59:46] Port-forwards alive: 0, dead: 7
WARNING: Some port-forwards have died!
Restart the script to re-establish connections.
[12:00:46] Port-forwards alive: 0, dead: 7
WARNING: Some port-forwards have died!
Restart the script to re-establish connections.
[12:01:46] Port-forwards alive: 0, dead: 7
WARNING: Some port-forwards have died!
Restart the script to re-establish connections.
[12:02:46] Port-forwards alive: 0, dead: 7
WARNING: Some port-forwards have died!
Restart the script to re-establish connections.
[12:03:46] Port-forwards alive: 0, dead: 7
WARNING: Some port-forwards have died!
Restart the script to re-establish connections.
[12:04:46] Port-forwards alive: 0, dead: 7
WARNING: Some port-forwards have died!
Restart the script to re-establish connections.
[12:05:46] Port-forwards alive: 0, dead: 7
WARNING: Some port-forwards have died!
Restart the script to re-establish connections.
[12:06:46] Port-forwards alive: 0, dead: 7
WARNING: Some port-forwards have died!
Restart the script to re-establish connections.
[12:07:46] Port-forwards alive: 0, dead: 7
WARNING: Some port-forwards have died!
Restart the script to re-establish connections.
[12:08:46] Port-forwards alive: 0, dead: 7
WARNING: Some port-forwards have died!
Restart the script to re-establish connections.
[12:09:46] Port-forwards alive: 0, dead: 7
WARNING: Some port-forwards have died!
Restart the script to re-establish connections.
[12:10:46] Port-forwards alive: 0, dead: 7
WARNING: Some port-forwards have died!
Restart the script to re-establish connections.
[12:11:47] Port-forwards alive: 0, dead: 7
WARNING: Some port-forwards have died!
Restart the script to re-establish connections.
[12:12:47] Port-forwards alive: 0, dead: 7
WARNING: Some port-forwards have died!
Restart the script to re-establish connections.
[12:13:47] Port-forwards alive: 0, dead: 7
WARNING: Some port-forwards have died!
Restart the script to re-establish connections.
[12:14:47] Port-forwards alive: 0, dead: 7
WARNING: Some port-forwards have died!
Restart the script to re-establish connections.
[12:15:47] Port-forwards alive: 0, dead: 7
WARNING: Some port-forwards have died!
Restart the script to re-establish connections.
[12:16:47] Port-forwards alive: 0, dead: 7
WARNING: Some port-forwards have died!
Restart the script to re-establish connections.
[12:17:47] Port-forwards alive: 0, dead: 7
WARNING: Some port-forwards have died!
Restart the script to re-establish connections.
[12:18:47] Port-forwards alive: 0, dead: 7
WARNING: Some port-forwards have died!
Restart the script to re-establish connections.
[12:19:47] Port-forwards alive: 0, dead: 7
WARNING: Some port-forwards have died!
Restart the script to re-establish connections.
[12:20:47] Port-forwards alive: 0, dead: 7
WARNING: Some port-forwards have died!
Restart the script to re-establish connections.
[12:21:47] Port-forwards alive: 0, dead: 7
WARNING: Some port-forwards have died!
Restart the script to re-establish connections.
[12:22:47] Port-forwards alive: 0, dead: 7
WARNING: Some port-forwards have died!
Restart the script to re-establish connections.
[12:23:47] Port-forwards alive: 0, dead: 7
WARNING: Some port-forwards have died!
Restart the script to re-establish connections.
[12:24:47] Port-forwards alive: 0, dead: 7
WARNING: Some port-forwards have died!
Restart the script to re-establish connections.
[12:25:47] Port-forwards alive: 0, dead: 7
WARNING: Some port-forwards have died!
Restart the script to re-establish connections.
[12:26:47] Port-forwards alive: 0, dead: 7
WARNING: Some port-forwards have died!
Restart the script to re-establish connections.
[12:27:47] Port-forwards alive: 0, dead: 7
WARNING: Some port-forwards have died!
Restart the script to re-establish connections.
[12:28:47] Port-forwards alive: 0, dead: 7
WARNING: Some port-forwards have died!
Restart the script to re-establish connections.
[12:29:47] Port-forwards alive: 0, dead: 7
WARNING: Some port-forwards have died!
Restart the script to re-establish connections.
[12:30:47] Port-forwards alive: 0, dead: 7
WARNING: Some port-forwards have died!
Restart the script to re-establish connections.
[12:31:47] Port-forwards alive: 0, dead: 7
WARNING: Some port-forwards have died!
Restart the script to re-establish connections.
[12:32:48] Port-forwards alive: 0, dead: 7
WARNING: Some port-forwards have died!
Restart the script to re-establish connections.
[12:33:48] Port-forwards alive: 0, dead: 7
WARNING: Some port-forwards have died!
Restart the script to re-establish connections.
[12:34:48] Port-forwards alive: 0, dead: 7
WARNING: Some port-forwards have died!
Restart the script to re-establish connections.
[12:35:48] Port-forwards alive: 0, dead: 7
WARNING: Some port-forwards have died!
Restart the script to re-establish connections.
[12:36:48] Port-forwards alive: 0, dead: 7
WARNING: Some port-forwards have died!
Restart the script to re-establish connections.
[12:37:48] Port-forwards alive: 0, dead: 7
WARNING: Some port-forwards have died!
Restart the script to re-establish connections.
[12:38:48] Port-forwards alive: 0, dead: 7
WARNING: Some port-forwards have died!
Restart the script to re-establish connections.
[12:39:48] Port-forwards alive: 0, dead: 7
WARNING: Some port-forwards have died!
Restart the script to re-establish connections.
[12:40:48] Port-forwards alive: 0, dead: 7
WARNING: Some port-forwards have died!
Restart the script to re-establish connections.
[12:41:48] Port-forwards alive: 0, dead: 7
WARNING: Some port-forwards have died!
Restart the script to re-establish connections.
[12:42:48] Port-forwards alive: 0, dead: 7
WARNING: Some port-forwards have died!
Restart the script to re-establish connections.
[12:43:48] Port-forwards alive: 0, dead: 7
WARNING: Some port-forwards have died!
Restart the script to re-establish connections.
[12:44:48] Port-forwards alive: 0, dead: 7
WARNING: Some port-forwards have died!
Restart the script to re-establish connections.
[12:45:48] Port-forwards alive: 0, dead: 7
WARNING: Some port-forwards have died!
Restart the script to re-establish connections.
[12:46:48] Port-forwards alive: 0, dead: 7
WARNING: Some port-forwards have died!
Restart the script to re-establish connections.
[12:47:48] Port-forwards alive: 0, dead: 7
WARNING: Some port-forwards have died!
Restart the script to re-establish connections.
[12:48:48] Port-forwards alive: 0, dead: 7
WARNING: Some port-forwards have died!
Restart the script to re-establish connections.
[12:49:48] Port-forwards alive: 0, dead: 7
WARNING: Some port-forwards have died!
Restart the script to re-establish connections.
[12:50:48] Port-forwards alive: 0, dead: 7
WARNING: Some port-forwards have died!
Restart the script to re-establish connections.
[12:51:48] Port-forwards alive: 0, dead: 7
WARNING: Some port-forwards have died!
Restart the script to re-establish connections.
[12:52:48] Port-forwards alive: 0, dead: 7
WARNING: Some port-forwards have died!
Restart the script to re-establish connections.
[12:53:49] Port-forwards alive: 0, dead: 7
WARNING: Some port-forwards have died!
Restart the script to re-establish connections.
[12:54:49] Port-forwards alive: 0, dead: 7
WARNING: Some port-forwards have died!
Restart the script to re-establish connections.
[12:55:49] Port-forwards alive: 0, dead: 7
WARNING: Some port-forwards have died!
Restart the script to re-establish connections.
[12:56:49] Port-forwards alive: 0, dead: 7
WARNING: Some port-forwards have died!
Restart the script to re-establish connections.
[12:57:49] Port-forwards alive: 0, dead: 7
WARNING: Some port-forwards have died!
Restart the script to re-establish connections.
[12:58:49] Port-forwards alive: 0, dead: 7
WARNING: Some port-forwards have died!
Restart the script to re-establish connections.
[12:59:49] Port-forwards alive: 0, dead: 7
WARNING: Some port-forwards have died!
Restart the script to re-establish connections.
[13:00:49] Port-forwards alive: 0, dead: 7
WARNING: Some port-forwards have died!
Restart the script to re-establish connections.
[13:01:49] Port-forwards alive: 0, dead: 7
WARNING: Some port-forwards have died!
Restart the script to re-establish connections.
[13:02:49] Port-forwards alive: 0, dead: 7
WARNING: Some port-forwards have died!
Restart the script to re-establish connections.
[13:03:49] Port-forwards alive: 0, dead: 7
WARNING: Some port-forwards have died!
Restart the script to re-establish connections.
[13:04:49] Port-forwards alive: 0, dead: 7
WARNING: Some port-forwards have died!
Restart the script to re-establish connections.
[13:05:49] Port-forwards alive: 0, dead: 7
WARNING: Some port-forwards have died!
Restart the script to re-establish connections.
[13:06:49] Port-forwards alive: 0, dead: 7
WARNING: Some port-forwards have died!
Restart the script to re-establish connections.
[13:07:49] Port-forwards alive: 0, dead: 7
WARNING: Some port-forwards have died!
Restart the script to re-establish connections.
[13:08:49] Port-forwards alive: 0, dead: 7
WARNING: Some port-forwards have died!
Restart the script to re-establish connections.
[13:09:49] Port-forwards alive: 0, dead: 7
WARNING: Some port-forwards have died!
Restart the script to re-establish connections.
[13:10:49] Port-forwards alive: 0, dead: 7
WARNING: Some port-forwards have died!
Restart the script to re-establish connections.
[13:11:49] Port-forwards alive: 0, dead: 7
WARNING: Some port-forwards have died!
Restart the script to re-establish connections.
[13:12:49] Port-forwards alive: 0, dead: 7
WARNING: Some port-forwards have died!
Restart the script to re-establish connections.
[13:13:50] Port-forwards alive: 0, dead: 7
WARNING: Some port-forwards have died!
Restart the script to re-establish connections.
[13:14:50] Port-forwards alive: 0, dead: 7
WARNING: Some port-forwards have died!
Restart the script to re-establish connections.
[13:15:50] Port-forwards alive: 0, dead: 7
WARNING: Some port-forwards have died!
Restart the script to re-establish connections.
[13:16:50] Port-forwards alive: 0, dead: 7
WARNING: Some port-forwards have died!
Restart the script to re-establish connections.
[13:17:50] Port-forwards alive: 0, dead: 7
WARNING: Some port-forwards have died!
Restart the script to re-establish connections.
[13:18:50] Port-forwards alive: 0, dead: 7
WARNING: Some port-forwards have died!
Restart the script to re-establish connections.
[13:19:50] Port-forwards alive: 0, dead: 7
WARNING: Some port-forwards have died!
Restart the script to re-establish connections.
[13:20:50] Port-forwards alive: 0, dead: 7
WARNING: Some port-forwards have died!
Restart the script to re-establish connections.
[13:21:50] Port-forwards alive: 0, dead: 7
WARNING: Some port-forwards have died!
Restart the script to re-establish connections.
[13:22:50] Port-forwards alive: 0, dead: 7
WARNING: Some port-forwards have died!
Restart the script to re-establish connections.
[13:23:50] Port-forwards alive: 0, dead: 7
WARNING: Some port-forwards have died!
Restart the script to re-establish connections.
[13:24:50] Port-forwards alive: 0, dead: 7
WARNING: Some port-forwards have died!
Restart the script to re-establish connections.
[13:25:50] Port-forwards alive: 0, dead: 7
WARNING: Some port-forwards have died!
Restart the script to re-establish connections.
[13:26:50] Port-forwards alive: 0, dead: 7
WARNING: Some port-forwards have died!
Restart the script to re-establish connections.
[13:27:50] Port-forwards alive: 0, dead: 7
WARNING: Some port-forwards have died!
Restart the script to re-establish connections.
[13:28:50] Port-forwards alive: 0, dead: 7
WARNING: Some port-forwards have died!
Restart the script to re-establish connections.
[13:29:50] Port-forwards alive: 0, dead: 7
WARNING: Some port-forwards have died!
Restart the script to re-establish connections.
[13:30:50] Port-forwards alive: 0, dead: 7
WARNING: Some port-forwards have died!
Restart the script to re-establish connections.
[13:31:50] Port-forwards alive: 0, dead: 7
WARNING: Some port-forwards have died!
Restart the script to re-establish connections.
[13:32:50] Port-forwards alive: 0, dead: 7
WARNING: Some port-forwards have died!
Restart the script to re-establish connections.
[13:33:50] Port-forwards alive: 0, dead: 7
WARNING: Some port-forwards have died!
Restart the script to re-establish connections.
[13:34:50] Port-forwards alive: 0, dead: 7
WARNING: Some port-forwards have died!
Restart the script to re-establish connections.
[13:35:50] Port-forwards alive: 0, dead: 7
WARNING: Some port-forwards have died!
Restart the script to re-establish connections.
[13:36:50] Port-forwards alive: 0, dead: 7
WARNING: Some port-forwards have died!
Restart the script to re-establish connections.
[13:37:51] Port-forwards alive: 0, dead: 7
WARNING: Some port-forwards have died!
Restart the script to re-establish connections.
[13:38:51] Port-forwards alive: 0, dead: 7
WARNING: Some port-forwards have died!
Restart the script to re-establish connections.
[13:39:51] Port-forwards alive: 0, dead: 7
WARNING: Some port-forwards have died!
Restart the script to re-establish connections.
[13:40:51] Port-forwards alive: 0, dead: 7
WARNING: Some port-forwards have died!
Restart the script to re-establish connections.
[13:41:51] Port-forwards alive: 0, dead: 7
WARNING: Some port-forwards have died!
Restart the script to re-establish connections.
[13:42:51] Port-forwards alive: 0, dead: 7
WARNING: Some port-forwards have died!
Restart the script to re-establish connections.
[13:43:51] Port-forwards alive: 0, dead: 7
WARNING: Some port-forwards have died!
Restart the script to re-establish connections.
[13:44:51] Port-forwards alive: 0, dead: 7
WARNING: Some port-forwards have died!
Restart the script to re-establish connections.
[13:45:51] Port-forwards alive: 0, dead: 7
WARNING: Some port-forwards have died!
Restart the script to re-establish connections.
[13:46:51] Port-forwards alive: 0, dead: 7
WARNING: Some port-forwards have died!
Restart the script to re-establish connections.
[13:47:51] Port-forwards alive: 0, dead: 7
WARNING: Some port-forwards have died!
Restart the script to re-establish connections.
[13:48:51] Port-forwards alive: 0, dead: 7
WARNING: Some port-forwards have died!
Restart the script to re-establish connections.
[13:49:51] Port-forwards alive: 0, dead: 7
WARNING: Some port-forwards have died!
Restart the script to re-establish connections.
[13:50:51] Port-forwards alive: 0, dead: 7
WARNING: Some port-forwards have died!
Restart the script to re-establish connections.
[13:51:51] Port-forwards alive: 0, dead: 7
WARNING: Some port-forwards have died!
Restart the script to re-establish connections.
[13:52:51] Port-forwards alive: 0, dead: 7
WARNING: Some port-forwards have died!
Restart the script to re-establish connections.
[13:53:51] Port-forwards alive: 0, dead: 7
WARNING: Some port-forwards have died!
Restart the script to re-establish connections.
[13:54:51] Port-forwards alive: 0, dead: 7
WARNING: Some port-forwards have died!
Restart the script to re-establish connections.
[13:55:51] Port-forwards alive: 0, dead: 7
WARNING: Some port-forwards have died!
Restart the script to re-establish connections.
[13:56:51] Port-forwards alive: 0, dead: 7
WARNING: Some port-forwards have died!
Restart the script to re-establish connections.
[13:57:51] Port-forwards alive: 0, dead: 7
WARNING: Some port-forwards have died!
Restart the script to re-establish connections.
[13:58:52] Port-forwards alive: 0, dead: 7
WARNING: Some port-forwards have died!
Restart the script to re-establish connections.
[13:59:52] Port-forwards alive: 0, dead: 7
WARNING: Some port-forwards have died!
Restart the script to re-establish connections.
[14:00:52] Port-forwards alive: 0, dead: 7
WARNING: Some port-forwards have died!
Restart the script to re-establish connections.
[14:01:52] Port-forwards alive: 0, dead: 7
WARNING: Some port-forwards have died!
Restart the script to re-establish connections.
[14:02:52] Port-forwards alive: 0, dead: 7
WARNING: Some port-forwards have died!
Restart the script to re-establish connections.
[14:03:52] Port-forwards alive: 0, dead: 7
WARNING: Some port-forwards have died!
Restart the script to re-establish connections.
[14:04:52] Port-forwards alive: 0, dead: 7
WARNING: Some port-forwards have died!
Restart the script to re-establish connections.
[14:05:52] Port-forwards alive: 0, dead: 7
WARNING: Some port-forwards have died!
Restart the script to re-establish connections.
[14:06:52] Port-forwards alive: 0, dead: 7
WARNING: Some port-forwards have died!
Restart the script to re-establish connections.
[14:07:52] Port-forwards alive: 0, dead: 7
WARNING: Some port-forwards have died!
Restart the script to re-establish connections.
[14:08:52] Port-forwards alive: 0, dead: 7
WARNING: Some port-forwards have died!
Restart the script to re-establish connections.
[14:09:52] Port-forwards alive: 0, dead: 7
WARNING: Some port-forwards have died!
Restart the script to re-establish connections.
[14:10:52] Port-forwards alive: 0, dead: 7
WARNING: Some port-forwards have died!
Restart the script to re-establish connections.
[14:11:52] Port-forwards alive: 0, dead: 7
WARNING: Some port-forwards have died!
Restart the script to re-establish connections.
[14:12:52] Port-forwards alive: 0, dead: 7
WARNING: Some port-forwards have died!
Restart the script to re-establish connections.
[14:13:52] Port-forwards alive: 0, dead: 7
WARNING: Some port-forwards have died!
Restart the script to re-establish connections.
[14:14:52] Port-forwards alive: 0, dead: 7
WARNING: Some port-forwards have died!
Restart the script to re-establish connections.
[14:15:52] Port-forwards alive: 0, dead: 7
WARNING: Some port-forwards have died!
Restart the script to re-establish connections.
[14:16:52] Port-forwards alive: 0, dead: 7
WARNING: Some port-forwards have died!
Restart the script to re-establish connections.
[14:17:52] Port-forwards alive: 0, dead: 7
WARNING: Some port-forwards have died!
Restart the script to re-establish connections.
[14:18:52] Port-forwards alive: 0, dead: 7
WARNING: Some port-forwards have died!
Restart the script to re-establish connections.
[14:19:53] Port-forwards alive: 0, dead: 7
WARNING: Some port-forwards have died!
Restart the script to re-establish connections.
[14:20:53] Port-forwards alive: 0, dead: 7
WARNING: Some port-forwards have died!
Restart the script to re-establish connections.
[14:21:53] Port-forwards alive: 0, dead: 7
WARNING: Some port-forwards have died!
Restart the script to re-establish connections.
[14:22:53] Port-forwards alive: 0, dead: 7
WARNING: Some port-forwards have died!
Restart the script to re-establish connections.
[14:23:53] Port-forwards alive: 0, dead: 7
WARNING: Some port-forwards have died!
Restart the script to re-establish connections.
[14:24:53] Port-forwards alive: 0, dead: 7
WARNING: Some port-forwards have died!
Restart the script to re-establish connections.
[14:25:53] Port-forwards alive: 0, dead: 7
WARNING: Some port-forwards have died!
Restart the script to re-establish connections.
[14:26:53] Port-forwards alive: 0, dead: 7
WARNING: Some port-forwards have died!
Restart the script to re-establish connections.
[14:27:53] Port-forwards alive: 0, dead: 7
WARNING: Some port-forwards have died!
Restart the script to re-establish connections.
[14:28:53] Port-forwards alive: 0, dead: 7
WARNING: Some port-forwards have died!
Restart the script to re-establish connections.
[14:29:53] Port-forwards alive: 0, dead: 7
WARNING: Some port-forwards have died!
Restart the script to re-establish connections.
[14:30:53] Port-forwards alive: 0, dead: 7
WARNING: Some port-forwards have died!
Restart the script to re-establish connections.
[14:31:53] Port-forwards alive: 0, dead: 7
WARNING: Some port-forwards have died!
Restart the script to re-establish connections.
[14:32:53] Port-forwards alive: 0, dead: 7
WARNING: Some port-forwards have died!
Restart the script to re-establish connections.
[14:33:53] Port-forwards alive: 0, dead: 7
WARNING: Some port-forwards have died!
Restart the script to re-establish connections.
[14:34:53] Port-forwards alive: 0, dead: 7
WARNING: Some port-forwards have died!
Restart the script to re-establish connections.
[14:35:53] Port-forwards alive: 0, dead: 7
WARNING: Some port-forwards have died!
Restart the script to re-establish connections.
[14:36:53] Port-forwards alive: 0, dead: 7
WARNING: Some port-forwards have died!
Restart the script to re-establish connections.
[14:37:53] Port-forwards alive: 0, dead: 7
WARNING: Some port-forwards have died!
Restart the script to re-establish connections.
[14:38:53] Port-forwards alive: 0, dead: 7
WARNING: Some port-forwards have died!
Restart the script to re-establish connections.
[14:39:53] Port-forwards alive: 0, dead: 7
WARNING: Some port-forwards have died!
Restart the script to re-establish connections.
[14:40:53] Port-forwards alive: 0, dead: 7
WARNING: Some port-forwards have died!
Restart the script to re-establish connections.
[14:41:53] Port-forwards alive: 0, dead: 7
WARNING: Some port-forwards have died!
Restart the script to re-establish connections.
[14:42:53] Port-forwards alive: 0, dead: 7
WARNING: Some port-forwards have died!
Restart the script to re-establish connections.
[14:43:54] Port-forwards alive: 0, dead: 7
WARNING: Some port-forwards have died!
Restart the script to re-establish connections.
[14:44:54] Port-forwards alive: 0, dead: 7
WARNING: Some port-forwards have died!
Restart the script to re-establish connections.
[14:45:54] Port-forwards alive: 0, dead: 7
WARNING: Some port-forwards have died!
Restart the script to re-establish connections.
[14:46:54] Port-forwards alive: 0, dead: 7
WARNING: Some port-forwards have died!
Restart the script to re-establish connections.
[14:47:54] Port-forwards alive: 0, dead: 7
WARNING: Some port-forwards have died!
Restart the script to re-establish connections.
[14:48:54] Port-forwards alive: 0, dead: 7
WARNING: Some port-forwards have died!
Restart the script to re-establish connections.
[14:49:54] Port-forwards alive: 0, dead: 7
WARNING: Some port-forwards have died!
Restart the script to re-establish connections.
[14:50:54] Port-forwards alive: 0, dead: 7
WARNING: Some port-forwards have died!
Restart the script to re-establish connections.
[14:51:54] Port-forwards alive: 0, dead: 7
WARNING: Some port-forwards have died!
Restart the script to re-establish connections.
[14:52:54] Port-forwards alive: 0, dead: 7
WARNING: Some port-forwards have died!
Restart the script to re-establish connections.
[14:53:54] Port-forwards alive: 0, dead: 7
WARNING: Some port-forwards have died!
Restart the script to re-establish connections.
[14:54:54] Port-forwards alive: 0, dead: 7
WARNING: Some port-forwards have died!
Restart the script to re-establish connections.
[14:55:54] Port-forwards alive: 0, dead: 7
WARNING: Some port-forwards have died!
Restart the script to re-establish connections.
[14:56:54] Port-forwards alive: 0, dead: 7
WARNING: Some port-forwards have died!
Restart the script to re-establish connections.
[14:57:54] Port-forwards alive: 0, dead: 7
WARNING: Some port-forwards have died!
Restart the script to re-establish connections.
[14:58:54] Port-forwards alive: 0, dead: 7
WARNING: Some port-forwards have died!
Restart the script to re-establish connections.
[14:59:54] Port-forwards alive: 0, dead: 7
WARNING: Some port-forwards have died!
Restart the script to re-establish connections.
[15:00:54] Port-forwards alive: 0, dead: 7
WARNING: Some port-forwards have died!
Restart the script to re-establish connections.
[15:01:54] Port-forwards alive: 0, dead: 7
WARNING: Some port-forwards have died!
Restart the script to re-establish connections.
[15:02:54] Port-forwards alive: 0, dead: 7
WARNING: Some port-forwards have died!
Restart the script to re-establish connections.
[15:03:54] Port-forwards alive: 0, dead: 7
WARNING: Some port-forwards have died!
Restart the script to re-establish connections.
[15:04:55] Port-forwards alive: 0, dead: 7
WARNING: Some port-forwards have died!
Restart the script to re-establish connections.
[15:05:55] Port-forwards alive: 0, dead: 7
WARNING: Some port-forwards have died!
Restart the script to re-establish connections.
[15:06:55] Port-forwards alive: 0, dead: 7
WARNING: Some port-forwards have died!
Restart the script to re-establish connections.
[15:07:55] Port-forwards alive: 0, dead: 7
WARNING: Some port-forwards have died!
Restart the script to re-establish connections.
[15:08:55] Port-forwards alive: 0, dead: 7
WARNING: Some port-forwards have died!
Restart the script to re-establish connections.
[15:09:55] Port-forwards alive: 0, dead: 7
WARNING: Some port-forwards have died!
Restart the script to re-establish connections.
[15:10:55] Port-forwards alive: 0, dead: 7
WARNING: Some port-forwards have died!
Restart the script to re-establish connections.
[15:11:55] Port-forwards alive: 0, dead: 7
WARNING: Some port-forwards have died!
Restart the script to re-establish connections.
[15:12:55] Port-forwards alive: 0, dead: 7
WARNING: Some port-forwards have died!
Restart the script to re-establish connections.
[15:13:55] Port-forwards alive: 0, dead: 7
WARNING: Some port-forwards have died!
Restart the script to re-establish connections.
[15:14:55] Port-forwards alive: 0, dead: 7
WARNING: Some port-forwards have died!
Restart the script to re-establish connections.
[15:15:55] Port-forwards alive: 0, dead: 7
WARNING: Some port-forwards have died!
Restart the script to re-establish connections.
[15:16:55] Port-forwards alive: 0, dead: 7
WARNING: Some port-forwards have died!
Restart the script to re-establish connections.
[15:17:55] Port-forwards alive: 0, dead: 7
WARNING: Some port-forwards have died!
Restart the script to re-establish connections.
[15:18:55] Port-forwards alive: 0, dead: 7
WARNING: Some port-forwards have died!
Restart the script to re-establish connections.
[15:19:55] Port-forwards alive: 0, dead: 7
WARNING: Some port-forwards have died!
Restart the script to re-establish connections.
[15:20:55] Port-forwards alive: 0, dead: 7
WARNING: Some port-forwards have died!
Restart the script to re-establish connections.
[15:21:55] Port-forwards alive: 0, dead: 7
WARNING: Some port-forwards have died!
Restart the script to re-establish connections.
[15:22:55] Port-forwards alive: 0, dead: 7
WARNING: Some port-forwards have died!
Restart the script to re-establish connections.
[15:23:55] Port-forwards alive: 0, dead: 7
WARNING: Some port-forwards have died!
Restart the script to re-establish connections.
[15:24:55] Port-forwards alive: 0, dead: 7
WARNING: Some port-forwards have died!
Restart the script to re-establish connections.
[15:25:55] Port-forwards alive: 0, dead: 7
WARNING: Some port-forwards have died!
Restart the script to re-establish connections.
[15:26:55] Port-forwards alive: 0, dead: 7
WARNING: Some port-forwards have died!
Restart the script to re-establish connections.
[15:27:56] Port-forwards alive: 0, dead: 7
WARNING: Some port-forwards have died!
Restart the script to re-establish connections.
[15:28:56] Port-forwards alive: 0, dead: 7
WARNING: Some port-forwards have died!
Restart the script to re-establish connections.
[15:29:56] Port-forwards alive: 0, dead: 7
WARNING: Some port-forwards have died!
Restart the script to re-establish connections.
[15:30:56] Port-forwards alive: 0, dead: 7
WARNING: Some port-forwards have died!
Restart the script to re-establish connections.
[15:31:56] Port-forwards alive: 0, dead: 7
WARNING: Some port-forwards have died!
Restart the script to re-establish connections.
[15:32:56] Port-forwards alive: 0, dead: 7
WARNING: Some port-forwards have died!
Restart the script to re-establish connections.
[15:33:56] Port-forwards alive: 0, dead: 7
WARNING: Some port-forwards have died!
Restart the script to re-establish connections.
[15:34:56] Port-forwards alive: 0, dead: 7
WARNING: Some port-forwards have died!
Restart the script to re-establish connections.
[15:35:56] Port-forwards alive: 0, dead: 7
WARNING: Some port-forwards have died!
Restart the script to re-establish connections.
[15:36:56] Port-forwards alive: 0, dead: 7
WARNING: Some port-forwards have died!
Restart the script to re-establish connections.
[15:37:56] Port-forwards alive: 0, dead: 7
WARNING: Some port-forwards have died!
Restart the script to re-establish connections.
[15:38:56] Port-forwards alive: 0, dead: 7
WARNING: Some port-forwards have died!
Restart the script to re-establish connections.
[15:39:56] Port-forwards alive: 0, dead: 7
WARNING: Some port-forwards have died!
Restart the script to re-establish connections.
[15:40:56] Port-forwards alive: 0, dead: 7
WARNING: Some port-forwards have died!
Restart the script to re-establish connections.
[15:41:56] Port-forwards alive: 0, dead: 7
WARNING: Some port-forwards have died!
Restart the script to re-establish connections.
[15:42:56] Port-forwards alive: 0, dead: 7
WARNING: Some port-forwards have died!
Restart the script to re-establish connections.
[15:43:56] Port-forwards alive: 0, dead: 7
WARNING: Some port-forwards have died!
Restart the script to re-establish connections.
[15:44:56] Port-forwards alive: 0, dead: 7
WARNING: Some port-forwards have died!
Restart the script to re-establish connections.
[15:45:56] Port-forwards alive: 0, dead: 7
WARNING: Some port-forwards have died!
Restart the script to re-establish connections.
[15:46:56] Port-forwards alive: 0, dead: 7
WARNING: Some port-forwards have died!
Restart the script to re-establish connections.
[15:47:56] Port-forwards alive: 0, dead: 7
WARNING: Some port-forwards have died!
Restart the script to re-establish connections.
[15:48:56] Port-forwards alive: 0, dead: 7
WARNING: Some port-forwards have died!
Restart the script to re-establish connections.
[15:49:57] Port-forwards alive: 0, dead: 7
WARNING: Some port-forwards have died!
Restart the script to re-establish connections.
[15:50:57] Port-forwards alive: 0, dead: 7
WARNING: Some port-forwards have died!
Restart the script to re-establish connections.
[15:51:57] Port-forwards alive: 0, dead: 7
WARNING: Some port-forwards have died!
Restart the script to re-establish connections.
[15:52:57] Port-forwards alive: 0, dead: 7
WARNING: Some port-forwards have died!
Restart the script to re-establish connections.
[15:53:57] Port-forwards alive: 0, dead: 7
WARNING: Some port-forwards have died!
Restart the script to re-establish connections.
[15:54:57] Port-forwards alive: 0, dead: 7
WARNING: Some port-forwards have died!
Restart the script to re-establish connections.
[15:55:57] Port-forwards alive: 0, dead: 7
WARNING: Some port-forwards have died!
Restart the script to re-establish connections.
[15:56:57] Port-forwards alive: 0, dead: 7
WARNING: Some port-forwards have died!
Restart the script to re-establish connections.
[15:57:57] Port-forwards alive: 0, dead: 7
WARNING: Some port-forwards have died!
Restart the script to re-establish connections.
[15:58:57] Port-forwards alive: 0, dead: 7
WARNING: Some port-forwards have died!
Restart the script to re-establish connections.
[15:59:57] Port-forwards alive: 0, dead: 7
WARNING: Some port-forwards have died!
Restart the script to re-establish connections.
[16:00:57] Port-forwards alive: 0, dead: 7
WARNING: Some port-forwards have died!
Restart the script to re-establish connections.
[16:01:57] Port-forwards alive: 0, dead: 7
WARNING: Some port-forwards have died!
Restart the script to re-establish connections.
[16:02:57] Port-forwards alive: 0, dead: 7
WARNING: Some port-forwards have died!
Restart the script to re-establish connections.
[16:03:57] Port-forwards alive: 0, dead: 7
WARNING: Some port-forwards have died!
Restart the script to re-establish connections.
[16:04:57] Port-forwards alive: 0, dead: 7
WARNING: Some port-forwards have died!
Restart the script to re-establish connections.
[16:05:57] Port-forwards alive: 0, dead: 7
WARNING: Some port-forwards have died!
Restart the script to re-establish connections.
[16:06:57] Port-forwards alive: 0, dead: 7
WARNING: Some port-forwards have died!
Restart the script to re-establish connections.
[16:07:57] Port-forwards alive: 0, dead: 7
WARNING: Some port-forwards have died!
Restart the script to re-establish connections.
[16:08:57] Port-forwards alive: 0, dead: 7
WARNING: Some port-forwards have died!
Restart the script to re-establish connections.
[16:09:57] Port-forwards alive: 0, dead: 7
WARNING: Some port-forwards have died!
Restart the script to re-establish connections.
[16:10:57] Port-forwards alive: 0, dead: 7
WARNING: Some port-forwards have died!
Restart the script to re-establish connections.
[16:11:57] Port-forwards alive: 0, dead: 7
WARNING: Some port-forwards have died!
Restart the script to re-establish connections.
[16:12:58] Port-forwards alive: 0, dead: 7
WARNING: Some port-forwards have died!
Restart the script to re-establish connections.
[16:13:58] Port-forwards alive: 0, dead: 7
WARNING: Some port-forwards have died!
Restart the script to re-establish connections.
[16:14:58] Port-forwards alive: 0, dead: 7
WARNING: Some port-forwards have died!
Restart the script to re-establish connections.
[16:15:58] Port-forwards alive: 0, dead: 7
WARNING: Some port-forwards have died!
Restart the script to re-establish connections.
[16:16:58] Port-forwards alive: 0, dead: 7
WARNING: Some port-forwards have died!
Restart the script to re-establish connections.
[16:17:58] Port-forwards alive: 0, dead: 7
WARNING: Some port-forwards have died!
Restart the script to re-establish connections.
[16:18:58] Port-forwards alive: 0, dead: 7
WARNING: Some port-forwards have died!
Restart the script to re-establish connections.
[16:19:58] Port-forwards alive: 0, dead: 7
WARNING: Some port-forwards have died!
Restart the script to re-establish connections.
[16:20:58] Port-forwards alive: 0, dead: 7
WARNING: Some port-forwards have died!
Restart the script to re-establish connections.
[16:21:58] Port-forwards alive: 0, dead: 7
WARNING: Some port-forwards have died!
Restart the script to re-establish connections.
[16:22:58] Port-forwards alive: 0, dead: 7
WARNING: Some port-forwards have died!
Restart the script to re-establish connections.
[16:23:58] Port-forwards alive: 0, dead: 7
WARNING: Some port-forwards have died!
Restart the script to re-establish connections.
[16:24:58] Port-forwards alive: 0, dead: 7
WARNING: Some port-forwards have died!
Restart the script to re-establish connections.
[16:25:58] Port-forwards alive: 0, dead: 7
WARNING: Some port-forwards have died!
Restart the script to re-establish connections.
[16:26:58] Port-forwards alive: 0, dead: 7
WARNING: Some port-forwards have died!
Restart the script to re-establish connections.
[16:27:58] Port-forwards alive: 0, dead: 7
WARNING: Some port-forwards have died!
Restart the script to re-establish connections.
[16:28:58] Port-forwards alive: 0, dead: 7
WARNING: Some port-forwards have died!
Restart the script to re-establish connections.
[16:29:58] Port-forwards alive: 0, dead: 7
WARNING: Some port-forwards have died!
Restart the script to re-establish connections.
[16:30:58] Port-forwards alive: 0, dead: 7
WARNING: Some port-forwards have died!
Restart the script to re-establish connections.
[16:31:58] Port-forwards alive: 0, dead: 7
WARNING: Some port-forwards have died!
Restart the script to re-establish connections.
[16:32:58] Port-forwards alive: 0, dead: 7
WARNING: Some port-forwards have died!
Restart the script to re-establish connections.
[16:33:58] Port-forwards alive: 0, dead: 7
WARNING: Some port-forwards have died!
Restart the script to re-establish connections.
[16:34:58] Port-forwards alive: 0, dead: 7
WARNING: Some port-forwards have died!
Restart the script to re-establish connections.
[16:35:59] Port-forwards alive: 0, dead: 7
WARNING: Some port-forwards have died!
Restart the script to re-establish connections.
[16:36:59] Port-forwards alive: 0, dead: 7
WARNING: Some port-forwards have died!
Restart the script to re-establish connections.
[16:37:59] Port-forwards alive: 0, dead: 7
WARNING: Some port-forwards have died!
Restart the script to re-establish connections.
[16:38:59] Port-forwards alive: 0, dead: 7
WARNING: Some port-forwards have died!
Restart the script to re-establish connections.
[16:39:59] Port-forwards alive: 0, dead: 7
WARNING: Some port-forwards have died!
Restart the script to re-establish connections.
[16:40:59] Port-forwards alive: 0, dead: 7
WARNING: Some port-forwards have died!
Restart the script to re-establish connections.
[16:41:59] Port-forwards alive: 0, dead: 7
WARNING: Some port-forwards have died!
Restart the script to re-establish connections.
[16:42:59] Port-forwards alive: 0, dead: 7
WARNING: Some port-forwards have died!
Restart the script to re-establish connections.
[16:43:59] Port-forwards alive: 0, dead: 7
WARNING: Some port-forwards have died!
Restart the script to re-establish connections.
[16:44:59] Port-forwards alive: 0, dead: 7
WARNING: Some port-forwards have died!
Restart the script to re-establish connections.
[16:45:59] Port-forwards alive: 0, dead: 7
WARNING: Some port-forwards have died!
Restart the script to re-establish connections.
[16:46:59] Port-forwards alive: 0, dead: 7
WARNING: Some port-forwards have died!
Restart the script to re-establish connections.
[16:47:59] Port-forwards alive: 0, dead: 7
WARNING: Some port-forwards have died!
Restart the script to re-establish connections.
[16:48:59] Port-forwards alive: 0, dead: 7
WARNING: Some port-forwards have died!
Restart the script to re-establish connections.
[16:49:59] Port-forwards alive: 0, dead: 7
WARNING: Some port-forwards have died!
Restart the script to re-establish connections.
[16:50:59] Port-forwards alive: 0, dead: 7
WARNING: Some port-forwards have died!
Restart the script to re-establish connections.
[16:51:59] Port-forwards alive: 0, dead: 7
WARNING: Some port-forwards have died!
Restart the script to re-establish connections.
[16:52:59] Port-forwards alive: 0, dead: 7
WARNING: Some port-forwards have died!
Restart the script to re-establish connections.
[16:53:59] Port-forwards alive: 0, dead: 7
WARNING: Some port-forwards have died!
Restart the script to re-establish connections.
[16:54:59] Port-forwards alive: 0, dead: 7
WARNING: Some port-forwards have died!
Restart the script to re-establish connections.
[16:55:59] Port-forwards alive: 0, dead: 7
WARNING: Some port-forwards have died!
Restart the script to re-establish connections.
[16:56:59] Port-forwards alive: 0, dead: 7
WARNING: Some port-forwards have died!
Restart the script to re-establish connections.
[16:57:59] Port-forwards alive: 0, dead: 7
WARNING: Some port-forwards have died!
Restart the script to re-establish connections.
[16:59:00] Port-forwards alive: 0, dead: 7
WARNING: Some port-forwards have died!
Restart the script to re-establish connections.
[17:00:00] Port-forwards alive: 0, dead: 7
WARNING: Some port-forwards have died!
Restart the script to re-establish connections.
[17:01:00] Port-forwards alive: 0, dead: 7
WARNING: Some port-forwards have died!
Restart the script to re-establish connections.
[17:02:00] Port-forwards alive: 0, dead: 7
WARNING: Some port-forwards have died!
Restart the script to re-establish connections.
[17:03:00] Port-forwards alive: 0, dead: 7
WARNING: Some port-forwards have died!
Restart the script to re-establish connections.
[17:04:00] Port-forwards alive: 0, dead: 7
WARNING: Some port-forwards have died!
Restart the script to re-establish connections.
[17:05:00] Port-forwards alive: 0, dead: 7
WARNING: Some port-forwards have died!
Restart the script to re-establish connections.
[17:06:00] Port-forwards alive: 0, dead: 7
WARNING: Some port-forwards have died!
Restart the script to re-establish connections.
[17:07:00] Port-forwards alive: 0, dead: 7
WARNING: Some port-forwards have died!
Restart the script to re-establish connections.
[17:08:00] Port-forwards alive: 0, dead: 7
WARNING: Some port-forwards have died!
Restart the script to re-establish connections.
[17:09:00] Port-forwards alive: 0, dead: 7
WARNING: Some port-forwards have died!
Restart the script to re-establish connections.
[17:10:00] Port-forwards alive: 0, dead: 7
WARNING: Some port-forwards have died!
Restart the script to re-establish connections.
[17:11:00] Port-forwards alive: 0, dead: 7
WARNING: Some port-forwards have died!
Restart the script to re-establish connections.
[17:12:00] Port-forwards alive: 0, dead: 7
WARNING: Some port-forwards have died!
Restart the script to re-establish connections.
[17:13:00] Port-forwards alive: 0, dead: 7
WARNING: Some port-forwards have died!
Restart the script to re-establish connections.
[17:14:00] Port-forwards alive: 0, dead: 7
WARNING: Some port-forwards have died!
Restart the script to re-establish connections.
[17:15:00] Port-forwards alive: 0, dead: 7
WARNING: Some port-forwards have died!
Restart the script to re-establish connections.
[17:16:00] Port-forwards alive: 0, dead: 7
WARNING: Some port-forwards have died!
Restart the script to re-establish connections.
[17:17:00] Port-forwards alive: 0, dead: 7
WARNING: Some port-forwards have died!
Restart the script to re-establish connections.
[17:18:00] Port-forwards alive: 0, dead: 7
WARNING: Some port-forwards have died!
Restart the script to re-establish connections.
[17:19:00] Port-forwards alive: 0, dead: 7
WARNING: Some port-forwards have died!
Restart the script to re-establish connections.
[17:20:00] Port-forwards alive: 0, dead: 7
WARNING: Some port-forwards have died!
Restart the script to re-establish connections.
[17:21:00] Port-forwards alive: 0, dead: 7
WARNING: Some port-forwards have died!
Restart the script to re-establish connections.
[17:22:00] Port-forwards alive: 0, dead: 7
WARNING: Some port-forwards have died!
Restart the script to re-establish connections.
[17:23:00] Port-forwards alive: 0, dead: 7
WARNING: Some port-forwards have died!
Restart the script to re-establish connections.
[17:24:01] Port-forwards alive: 0, dead: 7
WARNING: Some port-forwards have died!
Restart the script to re-establish connections.
[17:25:01] Port-forwards alive: 0, dead: 7
WARNING: Some port-forwards have died!
Restart the script to re-establish connections.
[17:26:01] Port-forwards alive: 0, dead: 7
WARNING: Some port-forwards have died!
Restart the script to re-establish connections.
[17:27:01] Port-forwards alive: 0, dead: 7
WARNING: Some port-forwards have died!
Restart the script to re-establish connections.
[17:28:01] Port-forwards alive: 0, dead: 7
WARNING: Some port-forwards have died!
Restart the script to re-establish connections.
[17:29:01] Port-forwards alive: 0, dead: 7
WARNING: Some port-forwards have died!
Restart the script to re-establish connections.
[17:30:01] Port-forwards alive: 0, dead: 7
WARNING: Some port-forwards have died!
Restart the script to re-establish connections.
[17:31:01] Port-forwards alive: 0, dead: 7
WARNING: Some port-forwards have died!
Restart the script to re-establish connections.
[17:32:01] Port-forwards alive: 0, dead: 7
WARNING: Some port-forwards have died!
Restart the script to re-establish connections.
[17:33:01] Port-forwards alive: 0, dead: 7
WARNING: Some port-forwards have died!
Restart the script to re-establish connections.
[17:34:01] Port-forwards alive: 0, dead: 7
WARNING: Some port-forwards have died!
Restart the script to re-establish connections.
[17:35:01] Port-forwards alive: 0, dead: 7
WARNING: Some port-forwards have died!
Restart the script to re-establish connections.
[17:36:01] Port-forwards alive: 0, dead: 7
WARNING: Some port-forwards have died!
Restart the script to re-establish connections.
[17:37:01] Port-forwards alive: 0, dead: 7
WARNING: Some port-forwards have died!
Restart the script to re-establish connections.
[17:38:01] Port-forwards alive: 0, dead: 7
WARNING: Some port-forwards have died!
Restart the script to re-establish connections.
[17:39:01] Port-forwards alive: 0, dead: 7
WARNING: Some port-forwards have died!
Restart the script to re-establish connections.
[17:40:01] Port-forwards alive: 0, dead: 7
WARNING: Some port-forwards have died!
Restart the script to re-establish connections.
[17:41:01] Port-forwards alive: 0, dead: 7
WARNING: Some port-forwards have died!
Restart the script to re-establish connections.
[17:42:01] Port-forwards alive: 0, dead: 7
WARNING: Some port-forwards have died!
Restart the script to re-establish connections.
[17:43:01] Port-forwards alive: 0, dead: 7
WARNING: Some port-forwards have died!
Restart the script to re-establish connections.
[17:44:01] Port-forwards alive: 0, dead: 7
WARNING: Some port-forwards have died!
Restart the script to re-establish connections.
[17:45:01] Port-forwards alive: 0, dead: 7
WARNING: Some port-forwards have died!
Restart the script to re-establish connections.
[17:46:01] Port-forwards alive: 0, dead: 7
WARNING: Some port-forwards have died!
Restart the script to re-establish connections.
[17:47:02] Port-forwards alive: 0, dead: 7
WARNING: Some port-forwards have died!
Restart the script to re-establish connections.
[17:48:02] Port-forwards alive: 0, dead: 7
WARNING: Some port-forwards have died!
Restart the script to re-establish connections.
[17:49:02] Port-forwards alive: 0, dead: 7
WARNING: Some port-forwards have died!
Restart the script to re-establish connections.
[17:50:02] Port-forwards alive: 0, dead: 7
WARNING: Some port-forwards have died!
Restart the script to re-establish connections.
[17:51:02] Port-forwards alive: 0, dead: 7
WARNING: Some port-forwards have died!
Restart the script to re-establish connections.
[17:52:02] Port-forwards alive: 0, dead: 7
WARNING: Some port-forwards have died!
Restart the script to re-establish connections.
[17:53:02] Port-forwards alive: 0, dead: 7
WARNING: Some port-forwards have died!
Restart the script to re-establish connections.
[17:54:02] Port-forwards alive: 0, dead: 7
WARNING: Some port-forwards have died!
Restart the script to re-establish connections.
[17:55:02] Port-forwards alive: 0, dead: 7
WARNING: Some port-forwards have died!
Restart the script to re-establish connections.
[17:56:02] Port-forwards alive: 0, dead: 7
WARNING: Some port-forwards have died!
Restart the script to re-establish connections.
[17:57:02] Port-forwards alive: 0, dead: 7
WARNING: Some port-forwards have died!
Restart the script to re-establish connections.
[17:58:02] Port-forwards alive: 0, dead: 7
WARNING: Some port-forwards have died!
Restart the script to re-establish connections.
[17:59:02] Port-forwards alive: 0, dead: 7
WARNING: Some port-forwards have died!
Restart the script to re-establish connections.
[18:00:02] Port-forwards alive: 0, dead: 7
WARNING: Some port-forwards have died!
Restart the script to re-establish connections.
[18:01:02] Port-forwards alive: 0, dead: 7
WARNING: Some port-forwards have died!
Restart the script to re-establish connections.
[18:02:02] Port-forwards alive: 0, dead: 7
WARNING: Some port-forwards have died!
Restart the script to re-establish connections.
[18:03:02] Port-forwards alive: 0, dead: 7
WARNING: Some port-forwards have died!
Restart the script to re-establish connections.
[18:04:02] Port-forwards alive: 0, dead: 7
WARNING: Some port-forwards have died!
Restart the script to re-establish connections.
[18:05:02] Port-forwards alive: 0, dead: 7
WARNING: Some port-forwards have died!
Restart the script to re-establish connections.
[18:06:02] Port-forwards alive: 0, dead: 7
WARNING: Some port-forwards have died!
Restart the script to re-establish connections.
[18:07:02] Port-forwards alive: 0, dead: 7
WARNING: Some port-forwards have died!
Restart the script to re-establish connections.
[18:08:02] Port-forwards alive: 0, dead: 7
WARNING: Some port-forwards have died!
Restart the script to re-establish connections.
[18:09:03] Port-forwards alive: 0, dead: 7
WARNING: Some port-forwards have died!
Restart the script to re-establish connections.
[18:10:03] Port-forwards alive: 0, dead: 7
WARNING: Some port-forwards have died!
Restart the script to re-establish connections.
[18:11:03] Port-forwards alive: 0, dead: 7
WARNING: Some port-forwards have died!
Restart the script to re-establish connections.
[18:12:03] Port-forwards alive: 0, dead: 7
WARNING: Some port-forwards have died!
Restart the script to re-establish connections.
[18:13:03] Port-forwards alive: 0, dead: 7
WARNING: Some port-forwards have died!
Restart the script to re-establish connections.
[18:14:03] Port-forwards alive: 0, dead: 7
WARNING: Some port-forwards have died!
Restart the script to re-establish connections.
[18:15:03] Port-forwards alive: 0, dead: 7
WARNING: Some port-forwards have died!
Restart the script to re-establish connections.
[18:16:03] Port-forwards alive: 0, dead: 7
WARNING: Some port-forwards have died!
Restart the script to re-establish connections.
[18:17:03] Port-forwards alive: 0, dead: 7
WARNING: Some port-forwards have died!
Restart the script to re-establish connections.
[18:18:03] Port-forwards alive: 0, dead: 7
WARNING: Some port-forwards have died!
Restart the script to re-establish connections.
[18:19:03] Port-forwards alive: 0, dead: 7
WARNING: Some port-forwards have died!
Restart the script to re-establish connections.
[18:20:03] Port-forwards alive: 0, dead: 7
WARNING: Some port-forwards have died!
Restart the script to re-establish connections.
[18:21:03] Port-forwards alive: 0, dead: 7
WARNING: Some port-forwards have died!
Restart the script to re-establish connections.
[18:22:03] Port-forwards alive: 0, dead: 7
WARNING: Some port-forwards have died!
Restart the script to re-establish connections.
[18:23:03] Port-forwards alive: 0, dead: 7
WARNING: Some port-forwards have died!
Restart the script to re-establish connections.
[18:24:03] Port-forwards alive: 0, dead: 7
WARNING: Some port-forwards have died!
Restart the script to re-establish connections.
[18:25:03] Port-forwards alive: 0, dead: 7
WARNING: Some port-forwards have died!
Restart the script to re-establish connections.
[18:26:03] Port-forwards alive: 0, dead: 7
WARNING: Some port-forwards have died!
Restart the script to re-establish connections.
[18:27:03] Port-forwards alive: 0, dead: 7
WARNING: Some port-forwards have died!
Restart the script to re-establish connections.
[18:28:03] Port-forwards alive: 0, dead: 7
WARNING: Some port-forwards have died!
Restart the script to re-establish connections.
[18:29:03] Port-forwards alive: 0, dead: 7
WARNING: Some port-forwards have died!
Restart the script to re-establish connections.
[18:30:04] Port-forwards alive: 0, dead: 7
WARNING: Some port-forwards have died!
Restart the script to re-establish connections.
[18:31:04] Port-forwards alive: 0, dead: 7
WARNING: Some port-forwards have died!
Restart the script to re-establish connections.
[18:32:04] Port-forwards alive: 0, dead: 7
WARNING: Some port-forwards have died!
Restart the script to re-establish connections.
[18:33:04] Port-forwards alive: 0, dead: 7
WARNING: Some port-forwards have died!
Restart the script to re-establish connections.
[18:34:04] Port-forwards alive: 0, dead: 7
WARNING: Some port-forwards have died!
Restart the script to re-establish connections.
[18:35:04] Port-forwards alive: 0, dead: 7
WARNING: Some port-forwards have died!
Restart the script to re-establish connections.
[18:36:04] Port-forwards alive: 0, dead: 7
WARNING: Some port-forwards have died!
Restart the script to re-establish connections.
[18:37:04] Port-forwards alive: 0, dead: 7
WARNING: Some port-forwards have died!
Restart the script to re-establish connections.
[18:38:04] Port-forwards alive: 0, dead: 7
WARNING: Some port-forwards have died!
Restart the script to re-establish connections.
[18:39:04] Port-forwards alive: 0, dead: 7
WARNING: Some port-forwards have died!
Restart the script to re-establish connections.
[18:40:04] Port-forwards alive: 0, dead: 7
WARNING: Some port-forwards have died!
Restart the script to re-establish connections.
[18:41:04] Port-forwards alive: 0, dead: 7
WARNING: Some port-forwards have died!
Restart the script to re-establish connections.
[18:42:04] Port-forwards alive: 0, dead: 7
WARNING: Some port-forwards have died!
Restart the script to re-establish connections.
[18:43:04] Port-forwards alive: 0, dead: 7
WARNING: Some port-forwards have died!
Restart the script to re-establish connections.
[18:44:04] Port-forwards alive: 0, dead: 7
WARNING: Some port-forwards have died!
Restart the script to re-establish connections.
[18:45:04] Port-forwards alive: 0, dead: 7
WARNING: Some port-forwards have died!
Restart the script to re-establish connections.
[18:46:04] Port-forwards alive: 0, dead: 7
WARNING: Some port-forwards have died!
Restart the script to re-establish connections.
[18:47:04] Port-forwards alive: 0, dead: 7
WARNING: Some port-forwards have died!
Restart the script to re-establish connections.
[18:48:04] Port-forwards alive: 0, dead: 7
WARNING: Some port-forwards have died!
Restart the script to re-establish connections.
[18:49:04] Port-forwards alive: 0, dead: 7
WARNING: Some port-forwards have died!
Restart the script to re-establish connections.
[18:50:04] Port-forwards alive: 0, dead: 7
WARNING: Some port-forwards have died!
Restart the script to re-establish connections.
[18:51:04] Port-forwards alive: 0, dead: 7
WARNING: Some port-forwards have died!
Restart the script to re-establish connections.
[18:52:04] Port-forwards alive: 0, dead: 7
WARNING: Some port-forwards have died!
Restart the script to re-establish connections.
[18:53:04] Port-forwards alive: 0, dead: 7
WARNING: Some port-forwards have died!
Restart the script to re-establish connections.
[18:54:05] Port-forwards alive: 0, dead: 7
WARNING: Some port-forwards have died!
Restart the script to re-establish connections.
[18:55:05] Port-forwards alive: 0, dead: 7
WARNING: Some port-forwards have died!
Restart the script to re-establish connections.
[18:56:05] Port-forwards alive: 0, dead: 7
WARNING: Some port-forwards have died!
Restart the script to re-establish connections.
[18:57:05] Port-forwards alive: 0, dead: 7
WARNING: Some port-forwards have died!
Restart the script to re-establish connections.
[18:58:05] Port-forwards alive: 0, dead: 7
WARNING: Some port-forwards have died!
Restart the script to re-establish connections.
[18:59:05] Port-forwards alive: 0, dead: 7
WARNING: Some port-forwards have died!
Restart the script to re-establish connections.
[19:00:05] Port-forwards alive: 0, dead: 7
WARNING: Some port-forwards have died!
Restart the script to re-establish connections.
[19:01:05] Port-forwards alive: 0, dead: 7
WARNING: Some port-forwards have died!
Restart the script to re-establish connections.
[19:02:05] Port-forwards alive: 0, dead: 7
WARNING: Some port-forwards have died!
Restart the script to re-establish connections.
[19:03:05] Port-forwards alive: 0, dead: 7
WARNING: Some port-forwards have died!
Restart the script to re-establish connections.
[19:04:05] Port-forwards alive: 0, dead: 7
WARNING: Some port-forwards have died!
Restart the script to re-establish connections.
[19:05:05] Port-forwards alive: 0, dead: 7
WARNING: Some port-forwards have died!
Restart the script to re-establish connections.
[19:06:05] Port-forwards alive: 0, dead: 7
WARNING: Some port-forwards have died!
Restart the script to re-establish connections.
[19:07:05] Port-forwards alive: 0, dead: 7
WARNING: Some port-forwards have died!
Restart the script to re-establish connections.
[19:08:05] Port-forwards alive: 0, dead: 7
WARNING: Some port-forwards have died!
Restart the script to re-establish connections.
[19:09:05] Port-forwards alive: 0, dead: 7
WARNING: Some port-forwards have died!
Restart the script to re-establish connections.
[19:10:05] Port-forwards alive: 0, dead: 7
WARNING: Some port-forwards have died!
Restart the script to re-establish connections.
[19:11:05] Port-forwards alive: 0, dead: 7
WARNING: Some port-forwards have died!
Restart the script to re-establish connections.
[19:12:05] Port-forwards alive: 0, dead: 7
WARNING: Some port-forwards have died!
Restart the script to re-establish connections.
[19:13:05] Port-forwards alive: 0, dead: 7
WARNING: Some port-forwards have died!
Restart the script to re-establish connections.
[19:14:05] Port-forwards alive: 0, dead: 7
WARNING: Some port-forwards have died!
Restart the script to re-establish connections.
[19:15:05] Port-forwards alive: 0, dead: 7
WARNING: Some port-forwards have died!
Restart the script to re-establish connections.
[19:16:05] Port-forwards alive: 0, dead: 7
WARNING: Some port-forwards have died!
Restart the script to re-establish connections.
[19:17:05] Port-forwards alive: 0, dead: 7
WARNING: Some port-forwards have died!
Restart the script to re-establish connections.
[19:18:06] Port-forwards alive: 0, dead: 7
WARNING: Some port-forwards have died!
Restart the script to re-establish connections.
[19:19:06] Port-forwards alive: 0, dead: 7
WARNING: Some port-forwards have died!
Restart the script to re-establish connections.
[19:20:06] Port-forwards alive: 0, dead: 7
WARNING: Some port-forwards have died!
Restart the script to re-establish connections.
[19:21:06] Port-forwards alive: 0, dead: 7
WARNING: Some port-forwards have died!
Restart the script to re-establish connections.
[19:22:06] Port-forwards alive: 0, dead: 7
WARNING: Some port-forwards have died!
Restart the script to re-establish connections.
[19:23:06] Port-forwards alive: 0, dead: 7
WARNING: Some port-forwards have died!
Restart the script to re-establish connections.
[19:24:06] Port-forwards alive: 0, dead: 7
WARNING: Some port-forwards have died!
Restart the script to re-establish connections.
[19:25:06] Port-forwards alive: 0, dead: 7
WARNING: Some port-forwards have died!
Restart the script to re-establish connections.
[19:26:06] Port-forwards alive: 0, dead: 7
WARNING: Some port-forwards have died!
Restart the script to re-establish connections.
[19:27:06] Port-forwards alive: 0, dead: 7
WARNING: Some port-forwards have died!
Restart the script to re-establish connections.
[19:28:06] Port-forwards alive: 0, dead: 7
WARNING: Some port-forwards have died!
Restart the script to re-establish connections.
[19:29:06] Port-forwards alive: 0, dead: 7
WARNING: Some port-forwards have died!
Restart the script to re-establish connections.
[19:30:06] Port-forwards alive: 0, dead: 7
WARNING: Some port-forwards have died!
Restart the script to re-establish connections.
[19:31:06] Port-forwards alive: 0, dead: 7
WARNING: Some port-forwards have died!
Restart the script to re-establish connections.
[19:32:06] Port-forwards alive: 0, dead: 7
WARNING: Some port-forwards have died!
Restart the script to re-establish connections.
[19:33:06] Port-forwards alive: 0, dead: 7
WARNING: Some port-forwards have died!
Restart the script to re-establish connections.
[19:34:06] Port-forwards alive: 0, dead: 7
WARNING: Some port-forwards have died!
Restart the script to re-establish connections.
[19:35:06] Port-forwards alive: 0, dead: 7
WARNING: Some port-forwards have died!
Restart the script to re-establish connections.
[19:36:06] Port-forwards alive: 0, dead: 7
WARNING: Some port-forwards have died!
Restart the script to re-establish connections.
[19:37:06] Port-forwards alive: 0, dead: 7
WARNING: Some port-forwards have died!
Restart the script to re-establish connections.
[19:38:06] Port-forwards alive: 0, dead: 7
WARNING: Some port-forwards have died!
Restart the script to re-establish connections.
[19:39:06] Port-forwards alive: 0, dead: 7
WARNING: Some port-forwards have died!
Restart the script to re-establish connections.
[19:40:06] Port-forwards alive: 0, dead: 7
WARNING: Some port-forwards have died!
Restart the script to re-establish connections.
[19:41:06] Port-forwards alive: 0, dead: 7
WARNING: Some port-forwards have died!
Restart the script to re-establish connections.
[19:42:07] Port-forwards alive: 0, dead: 7
WARNING: Some port-forwards have died!
Restart the script to re-establish connections.
[19:43:07] Port-forwards alive: 0, dead: 7
WARNING: Some port-forwards have died!
Restart the script to re-establish connections.
[19:44:07] Port-forwards alive: 0, dead: 7
WARNING: Some port-forwards have died!
Restart the script to re-establish connections.
[19:45:07] Port-forwards alive: 0, dead: 7
WARNING: Some port-forwards have died!
Restart the script to re-establish connections.
[19:46:07] Port-forwards alive: 0, dead: 7
WARNING: Some port-forwards have died!
Restart the script to re-establish connections.
[19:47:07] Port-forwards alive: 0, dead: 7
WARNING: Some port-forwards have died!
Restart the script to re-establish connections.
[19:48:07] Port-forwards alive: 0, dead: 7
WARNING: Some port-forwards have died!
Restart the script to re-establish connections.
[19:49:07] Port-forwards alive: 0, dead: 7
WARNING: Some port-forwards have died!
Restart the script to re-establish connections.
[19:50:07] Port-forwards alive: 0, dead: 7
WARNING: Some port-forwards have died!
Restart the script to re-establish connections.
[19:51:07] Port-forwards alive: 0, dead: 7
WARNING: Some port-forwards have died!
Restart the script to re-establish connections.
[19:52:07] Port-forwards alive: 0, dead: 7
WARNING: Some port-forwards have died!
Restart the script to re-establish connections.
[19:53:07] Port-forwards alive: 0, dead: 7
WARNING: Some port-forwards have died!
Restart the script to re-establish connections.
[19:54:07] Port-forwards alive: 0, dead: 7
WARNING: Some port-forwards have died!
Restart the script to re-establish connections.
[19:55:07] Port-forwards alive: 0, dead: 7
WARNING: Some port-forwards have died!
Restart the script to re-establish connections.
[19:56:07] Port-forwards alive: 0, dead: 7
WARNING: Some port-forwards have died!
Restart the script to re-establish connections.
[19:57:07] Port-forwards alive: 0, dead: 7
WARNING: Some port-forwards have died!
Restart the script to re-establish connections.
[19:58:07] Port-forwards alive: 0, dead: 7
WARNING: Some port-forwards have died!
Restart the script to re-establish connections.
[19:59:07] Port-forwards alive: 0, dead: 7
WARNING: Some port-forwards have died!
Restart the script to re-establish connections.
[20:00:07] Port-forwards alive: 0, dead: 7
WARNING: Some port-forwards have died!
Restart the script to re-establish connections.
[20:01:07] Port-forwards alive: 0, dead: 7
WARNING: Some port-forwards have died!
Restart the script to re-establish connections.
[20:02:07] Port-forwards alive: 0, dead: 7
WARNING: Some port-forwards have died!
Restart the script to re-establish connections.
[20:03:07] Port-forwards alive: 0, dead: 7
WARNING: Some port-forwards have died!
Restart the script to re-establish connections.
[20:04:07] Port-forwards alive: 0, dead: 7
WARNING: Some port-forwards have died!
Restart the script to re-establish connections.
[20:05:08] Port-forwards alive: 0, dead: 7
WARNING: Some port-forwards have died!
Restart the script to re-establish connections.
[20:06:08] Port-forwards alive: 0, dead: 7
WARNING: Some port-forwards have died!
Restart the script to re-establish connections.
[20:07:08] Port-forwards alive: 0, dead: 7
WARNING: Some port-forwards have died!
Restart the script to re-establish connections.
[20:08:08] Port-forwards alive: 0, dead: 7
WARNING: Some port-forwards have died!
Restart the script to re-establish connections.
[20:09:08] Port-forwards alive: 0, dead: 7
WARNING: Some port-forwards have died!
Restart the script to re-establish connections.
[20:10:08] Port-forwards alive: 0, dead: 7
WARNING: Some port-forwards have died!
Restart the script to re-establish connections.
[20:11:08] Port-forwards alive: 0, dead: 7
WARNING: Some port-forwards have died!
Restart the script to re-establish connections.
[20:12:08] Port-forwards alive: 0, dead: 7
WARNING: Some port-forwards have died!
Restart the script to re-establish connections.
[20:13:08] Port-forwards alive: 0, dead: 7
WARNING: Some port-forwards have died!
Restart the script to re-establish connections.
[20:14:08] Port-forwards alive: 0, dead: 7
WARNING: Some port-forwards have died!
Restart the script to re-establish connections.
[20:15:08] Port-forwards alive: 0, dead: 7
WARNING: Some port-forwards have died!
Restart the script to re-establish connections.
[20:16:08] Port-forwards alive: 0, dead: 7
WARNING: Some port-forwards have died!
Restart the script to re-establish connections.
[20:17:08] Port-forwards alive: 0, dead: 7
WARNING: Some port-forwards have died!
Restart the script to re-establish connections.
[20:18:08] Port-forwards alive: 0, dead: 7
WARNING: Some port-forwards have died!
Restart the script to re-establish connections.
[20:19:08] Port-forwards alive: 0, dead: 7
WARNING: Some port-forwards have died!
Restart the script to re-establish connections.
[20:20:08] Port-forwards alive: 0, dead: 7
WARNING: Some port-forwards have died!
Restart the script to re-establish connections.
[20:21:08] Port-forwards alive: 0, dead: 7
WARNING: Some port-forwards have died!
Restart the script to re-establish connections.
[20:22:08] Port-forwards alive: 0, dead: 7
WARNING: Some port-forwards have died!
Restart the script to re-establish connections.
[20:23:08] Port-forwards alive: 0, dead: 7
WARNING: Some port-forwards have died!
Restart the script to re-establish connections.
[20:24:08] Port-forwards alive: 0, dead: 7
WARNING: Some port-forwards have died!
Restart the script to re-establish connections.
[20:25:08] Port-forwards alive: 0, dead: 7
WARNING: Some port-forwards have died!
Restart the script to re-establish connections.
[20:26:09] Port-forwards alive: 0, dead: 7
WARNING: Some port-forwards have died!
Restart the script to re-establish connections.
[20:27:09] Port-forwards alive: 0, dead: 7
WARNING: Some port-forwards have died!
Restart the script to re-establish connections.
[20:28:09] Port-forwards alive: 0, dead: 7
WARNING: Some port-forwards have died!
Restart the script to re-establish connections.
[20:29:09] Port-forwards alive: 0, dead: 7
WARNING: Some port-forwards have died!
Restart the script to re-establish connections.
[20:30:09] Port-forwards alive: 0, dead: 7
WARNING: Some port-forwards have died!
Restart the script to re-establish connections.
[20:31:09] Port-forwards alive: 0, dead: 7
WARNING: Some port-forwards have died!
Restart the script to re-establish connections.
[20:32:09] Port-forwards alive: 0, dead: 7
WARNING: Some port-forwards have died!
Restart the script to re-establish connections.
[20:33:09] Port-forwards alive: 0, dead: 7
WARNING: Some port-forwards have died!
Restart the script to re-establish connections.
[20:34:09] Port-forwards alive: 0, dead: 7
WARNING: Some port-forwards have died!
Restart the script to re-establish connections.
[20:35:09] Port-forwards alive: 0, dead: 7
WARNING: Some port-forwards have died!
Restart the script to re-establish connections.
[20:36:09] Port-forwards alive: 0, dead: 7
WARNING: Some port-forwards have died!
Restart the script to re-establish connections.
[20:37:09] Port-forwards alive: 0, dead: 7
WARNING: Some port-forwards have died!
Restart the script to re-establish connections.
[20:38:09] Port-forwards alive: 0, dead: 7
WARNING: Some port-forwards have died!
Restart the script to re-establish connections.
[20:39:09] Port-forwards alive: 0, dead: 7
WARNING: Some port-forwards have died!
Restart the script to re-establish connections.
[20:40:09] Port-forwards alive: 0, dead: 7
WARNING: Some port-forwards have died!
Restart the script to re-establish connections.
[20:41:09] Port-forwards alive: 0, dead: 7
WARNING: Some port-forwards have died!
Restart the script to re-establish connections.
[20:42:09] Port-forwards alive: 0, dead: 7
WARNING: Some port-forwards have died!
Restart the script to re-establish connections.
[20:43:09] Port-forwards alive: 0, dead: 7
WARNING: Some port-forwards have died!
Restart the script to re-establish connections.
[20:44:09] Port-forwards alive: 0, dead: 7
WARNING: Some port-forwards have died!
Restart the script to re-establish connections.
[20:45:09] Port-forwards alive: 0, dead: 7
WARNING: Some port-forwards have died!
Restart the script to re-establish connections.
[20:46:10] Port-forwards alive: 0, dead: 7
WARNING: Some port-forwards have died!
Restart the script to re-establish connections.
[20:47:10] Port-forwards alive: 0, dead: 7
WARNING: Some port-forwards have died!
Restart the script to re-establish connections.
[20:48:10] Port-forwards alive: 0, dead: 7
WARNING: Some port-forwards have died!
Restart the script to re-establish connections.
[20:49:10] Port-forwards alive: 0, dead: 7
WARNING: Some port-forwards have died!
Restart the script to re-establish connections.
[20:50:10] Port-forwards alive: 0, dead: 7
WARNING: Some port-forwards have died!
Restart the script to re-establish connections.
[20:51:10] Port-forwards alive: 0, dead: 7
WARNING: Some port-forwards have died!
Restart the script to re-establish connections.
[20:52:10] Port-forwards alive: 0, dead: 7
WARNING: Some port-forwards have died!
Restart the script to re-establish connections.
[20:53:10] Port-forwards alive: 0, dead: 7
WARNING: Some port-forwards have died!
Restart the script to re-establish connections.
[20:54:10] Port-forwards alive: 0, dead: 7
WARNING: Some port-forwards have died!
Restart the script to re-establish connections.
[20:55:10] Port-forwards alive: 0, dead: 7
WARNING: Some port-forwards have died!
Restart the script to re-establish connections.
[20:56:10] Port-forwards alive: 0, dead: 7
WARNING: Some port-forwards have died!
Restart the script to re-establish connections.
[20:57:10] Port-forwards alive: 0, dead: 7
WARNING: Some port-forwards have died!
Restart the script to re-establish connections.
[20:58:10] Port-forwards alive: 0, dead: 7
WARNING: Some port-forwards have died!
Restart the script to re-establish connections.
[20:59:10] Port-forwards alive: 0, dead: 7
WARNING: Some port-forwards have died!
Restart the script to re-establish connections.
[21:00:10] Port-forwards alive: 0, dead: 7
WARNING: Some port-forwards have died!
Restart the script to re-establish connections.
[21:01:10] Port-forwards alive: 0, dead: 7
WARNING: Some port-forwards have died!
Restart the script to re-establish connections.
[21:02:10] Port-forwards alive: 0, dead: 7
WARNING: Some port-forwards have died!
Restart the script to re-establish connections.
[21:03:10] Port-forwards alive: 0, dead: 7
WARNING: Some port-forwards have died!
Restart the script to re-establish connections.
[21:04:10] Port-forwards alive: 0, dead: 7
WARNING: Some port-forwards have died!
Restart the script to re-establish connections.
[21:05:10] Port-forwards alive: 0, dead: 7
WARNING: Some port-forwards have died!
Restart the script to re-establish connections.
[21:06:10] Port-forwards alive: 0, dead: 7
WARNING: Some port-forwards have died!
Restart the script to re-establish connections.
[21:07:10] Port-forwards alive: 0, dead: 7
WARNING: Some port-forwards have died!
Restart the script to re-establish connections.
[21:08:10] Port-forwards alive: 0, dead: 7
WARNING: Some port-forwards have died!
Restart the script to re-establish connections.
[21:09:11] Port-forwards alive: 0, dead: 7
WARNING: Some port-forwards have died!
Restart the script to re-establish connections.
[21:10:11] Port-forwards alive: 0, dead: 7
WARNING: Some port-forwards have died!
Restart the script to re-establish connections.
[21:11:11] Port-forwards alive: 0, dead: 7
WARNING: Some port-forwards have died!
Restart the script to re-establish connections.
[21:12:11] Port-forwards alive: 0, dead: 7
WARNING: Some port-forwards have died!
Restart the script to re-establish connections.
[21:13:11] Port-forwards alive: 0, dead: 7
WARNING: Some port-forwards have died!
Restart the script to re-establish connections.
[21:14:11] Port-forwards alive: 0, dead: 7
WARNING: Some port-forwards have died!
Restart the script to re-establish connections.
[21:15:11] Port-forwards alive: 0, dead: 7
WARNING: Some port-forwards have died!
Restart the script to re-establish connections.
[21:16:11] Port-forwards alive: 0, dead: 7
WARNING: Some port-forwards have died!
Restart the script to re-establish connections.
[21:17:11] Port-forwards alive: 0, dead: 7
WARNING: Some port-forwards have died!
Restart the script to re-establish connections.
[21:18:11] Port-forwards alive: 0, dead: 7
WARNING: Some port-forwards have died!
Restart the script to re-establish connections.
[21:19:11] Port-forwards alive: 0, dead: 7
WARNING: Some port-forwards have died!
Restart the script to re-establish connections.
[21:20:11] Port-forwards alive: 0, dead: 7
WARNING: Some port-forwards have died!
Restart the script to re-establish connections.
[21:21:11] Port-forwards alive: 0, dead: 7
WARNING: Some port-forwards have died!
Restart the script to re-establish connections.
[21:22:11] Port-forwards alive: 0, dead: 7
WARNING: Some port-forwards have died!
Restart the script to re-establish connections.
[21:23:11] Port-forwards alive: 0, dead: 7
WARNING: Some port-forwards have died!
Restart the script to re-establish connections.
[21:24:11] Port-forwards alive: 0, dead: 7
WARNING: Some port-forwards have died!
Restart the script to re-establish connections.
[21:25:11] Port-forwards alive: 0, dead: 7
WARNING: Some port-forwards have died!
Restart the script to re-establish connections.
[21:26:11] Port-forwards alive: 0, dead: 7
WARNING: Some port-forwards have died!
Restart the script to re-establish connections.
[21:27:11] Port-forwards alive: 0, dead: 7
WARNING: Some port-forwards have died!
Restart the script to re-establish connections.
[21:28:11] Port-forwards alive: 0, dead: 7
WARNING: Some port-forwards have died!
Restart the script to re-establish connections.
[21:29:11] Port-forwards alive: 0, dead: 7
WARNING: Some port-forwards have died!
Restart the script to re-establish connections.
[21:30:11] Port-forwards alive: 0, dead: 7
WARNING: Some port-forwards have died!
Restart the script to re-establish connections.
[21:31:11] Port-forwards alive: 0, dead: 7
WARNING: Some port-forwards have died!
Restart the script to re-establish connections.
[21:32:12] Port-forwards alive: 0, dead: 7
WARNING: Some port-forwards have died!
Restart the script to re-establish connections.
[21:33:12] Port-forwards alive: 0, dead: 7
WARNING: Some port-forwards have died!
Restart the script to re-establish connections.
[21:34:12] Port-forwards alive: 0, dead: 7
WARNING: Some port-forwards have died!
Restart the script to re-establish connections.
[21:35:12] Port-forwards alive: 0, dead: 7
WARNING: Some port-forwards have died!
Restart the script to re-establish connections.
[21:36:12] Port-forwards alive: 0, dead: 7
WARNING: Some port-forwards have died!
Restart the script to re-establish connections.
[21:37:12] Port-forwards alive: 0, dead: 7
WARNING: Some port-forwards have died!
Restart the script to re-establish connections.
[21:38:12] Port-forwards alive: 0, dead: 7
WARNING: Some port-forwards have died!
Restart the script to re-establish connections.
[21:39:12] Port-forwards alive: 0, dead: 7
WARNING: Some port-forwards have died!
Restart the script to re-establish connections.
[21:40:12] Port-forwards alive: 0, dead: 7
WARNING: Some port-forwards have died!
Restart the script to re-establish connections.
[21:41:12] Port-forwards alive: 0, dead: 7
WARNING: Some port-forwards have died!
Restart the script to re-establish connections.
[21:42:12] Port-forwards alive: 0, dead: 7
WARNING: Some port-forwards have died!
Restart the script to re-establish connections.
[21:43:12] Port-forwards alive: 0, dead: 7
WARNING: Some port-forwards have died!
Restart the script to re-establish connections.
[21:44:12] Port-forwards alive: 0, dead: 7
WARNING: Some port-forwards have died!
Restart the script to re-establish connections.
[21:45:12] Port-forwards alive: 0, dead: 7
WARNING: Some port-forwards have died!
Restart the script to re-establish connections.
[21:46:12] Port-forwards alive: 0, dead: 7
WARNING: Some port-forwards have died!
Restart the script to re-establish connections.
[21:47:12] Port-forwards alive: 0, dead: 7
WARNING: Some port-forwards have died!
Restart the script to re-establish connections.
[21:48:12] Port-forwards alive: 0, dead: 7
WARNING: Some port-forwards have died!
Restart the script to re-establish connections.
[21:49:12] Port-forwards alive: 0, dead: 7
WARNING: Some port-forwards have died!
Restart the script to re-establish connections.
[21:50:12] Port-forwards alive: 0, dead: 7
WARNING: Some port-forwards have died!
Restart the script to re-establish connections.
[21:51:12] Port-forwards alive: 0, dead: 7
WARNING: Some port-forwards have died!
Restart the script to re-establish connections.
[21:52:12] Port-forwards alive: 0, dead: 7
WARNING: Some port-forwards have died!
Restart the script to re-establish connections.
[21:53:12] Port-forwards alive: 0, dead: 7
WARNING: Some port-forwards have died!
Restart the script to re-establish connections.
[21:54:12] Port-forwards alive: 0, dead: 7
WARNING: Some port-forwards have died!
Restart the script to re-establish connections.
[21:55:13] Port-forwards alive: 0, dead: 7
WARNING: Some port-forwards have died!
Restart the script to re-establish connections.
[21:56:13] Port-forwards alive: 0, dead: 7
WARNING: Some port-forwards have died!
Restart the script to re-establish connections.
[21:57:13] Port-forwards alive: 0, dead: 7
WARNING: Some port-forwards have died!
Restart the script to re-establish connections.
[21:58:13] Port-forwards alive: 0, dead: 7
WARNING: Some port-forwards have died!
Restart the script to re-establish connections.
[21:59:13] Port-forwards alive: 0, dead: 7
WARNING: Some port-forwards have died!
Restart the script to re-establish connections.
[22:00:13] Port-forwards alive: 0, dead: 7
WARNING: Some port-forwards have died!
Restart the script to re-establish connections.
[22:01:13] Port-forwards alive: 0, dead: 7
WARNING: Some port-forwards have died!
Restart the script to re-establish connections.
[22:02:13] Port-forwards alive: 0, dead: 7
WARNING: Some port-forwards have died!
Restart the script to re-establish connections.
[22:03:13] Port-forwards alive: 0, dead: 7
WARNING: Some port-forwards have died!
Restart the script to re-establish connections.
[22:04:13] Port-forwards alive: 0, dead: 7
WARNING: Some port-forwards have died!
Restart the script to re-establish connections.
[22:05:13] Port-forwards alive: 0, dead: 7
WARNING: Some port-forwards have died!
Restart the script to re-establish connections.
[22:06:13] Port-forwards alive: 0, dead: 7
WARNING: Some port-forwards have died!
Restart the script to re-establish connections.
[22:07:13] Port-forwards alive: 0, dead: 7
WARNING: Some port-forwards have died!
Restart the script to re-establish connections.
[22:08:13] Port-forwards alive: 0, dead: 7
WARNING: Some port-forwards have died!
Restart the script to re-establish connections.
[22:09:13] Port-forwards alive: 0, dead: 7
WARNING: Some port-forwards have died!
Restart the script to re-establish connections.
[22:10:13] Port-forwards alive: 0, dead: 7
WARNING: Some port-forwards have died!
Restart the script to re-establish connections.
[22:11:13] Port-forwards alive: 0, dead: 7
WARNING: Some port-forwards have died!
Restart the script to re-establish connections.
[22:12:13] Port-forwards alive: 0, dead: 7
WARNING: Some port-forwards have died!
Restart the script to re-establish connections.
[22:13:13] Port-forwards alive: 0, dead: 7
WARNING: Some port-forwards have died!
Restart the script to re-establish connections.
[22:14:13] Port-forwards alive: 0, dead: 7
WARNING: Some port-forwards have died!
Restart the script to re-establish connections.
[22:15:14] Port-forwards alive: 0, dead: 7
WARNING: Some port-forwards have died!
Restart the script to re-establish connections.
[22:16:14] Port-forwards alive: 0, dead: 7
WARNING: Some port-forwards have died!
Restart the script to re-establish connections.
[22:17:14] Port-forwards alive: 0, dead: 7
WARNING: Some port-forwards have died!
Restart the script to re-establish connections.
[22:18:14] Port-forwards alive: 0, dead: 7
WARNING: Some port-forwards have died!
Restart the script to re-establish connections.
[22:19:14] Port-forwards alive: 0, dead: 7
WARNING: Some port-forwards have died!
Restart the script to re-establish connections.
[22:20:14] Port-forwards alive: 0, dead: 7
WARNING: Some port-forwards have died!
Restart the script to re-establish connections.
[22:21:14] Port-forwards alive: 0, dead: 7
WARNING: Some port-forwards have died!
Restart the script to re-establish connections.
[22:22:14] Port-forwards alive: 0, dead: 7
WARNING: Some port-forwards have died!
Restart the script to re-establish connections.
[22:23:14] Port-forwards alive: 0, dead: 7
WARNING: Some port-forwards have died!
Restart the script to re-establish connections.
[22:24:14] Port-forwards alive: 0, dead: 7
WARNING: Some port-forwards have died!
Restart the script to re-establish connections.
[22:25:14] Port-forwards alive: 0, dead: 7
WARNING: Some port-forwards have died!
Restart the script to re-establish connections.
[22:26:14] Port-forwards alive: 0, dead: 7
WARNING: Some port-forwards have died!
Restart the script to re-establish connections.
[22:27:14] Port-forwards alive: 0, dead: 7
WARNING: Some port-forwards have died!
Restart the script to re-establish connections.
[22:28:14] Port-forwards alive: 0, dead: 7
WARNING: Some port-forwards have died!
Restart the script to re-establish connections.
[22:29:14] Port-forwards alive: 0, dead: 7
WARNING: Some port-forwards have died!
Restart the script to re-establish connections.
[22:30:14] Port-forwards alive: 0, dead: 7
WARNING: Some port-forwards have died!
Restart the script to re-establish connections.
[22:31:14] Port-forwards alive: 0, dead: 7
WARNING: Some port-forwards have died!
Restart the script to re-establish connections.
[22:32:14] Port-forwards alive: 0, dead: 7
WARNING: Some port-forwards have died!
Restart the script to re-establish connections.
[22:33:14] Port-forwards alive: 0, dead: 7
WARNING: Some port-forwards have died!
Restart the script to re-establish connections.
[22:34:14] Port-forwards alive: 0, dead: 7
WARNING: Some port-forwards have died!
Restart the script to re-establish connections.
[22:35:14] Port-forwards alive: 0, dead: 7
WARNING: Some port-forwards have died!
Restart the script to re-establish connections.
[22:36:15] Port-forwards alive: 0, dead: 7
WARNING: Some port-forwards have died!
Restart the script to re-establish connections.
[22:37:15] Port-forwards alive: 0, dead: 7
WARNING: Some port-forwards have died!
Restart the script to re-establish connections.
[22:38:15] Port-forwards alive: 0, dead: 7
WARNING: Some port-forwards have died!
Restart the script to re-establish connections.
[22:39:15] Port-forwards alive: 0, dead: 7
WARNING: Some port-forwards have died!
Restart the script to re-establish connections.
[22:40:15] Port-forwards alive: 0, dead: 7
WARNING: Some port-forwards have died!
Restart the script to re-establish connections.
[22:41:15] Port-forwards alive: 0, dead: 7
WARNING: Some port-forwards have died!
Restart the script to re-establish connections.
[22:42:15] Port-forwards alive: 0, dead: 7
WARNING: Some port-forwards have died!
Restart the script to re-establish connections.
[22:43:15] Port-forwards alive: 0, dead: 7
WARNING: Some port-forwards have died!
Restart the script to re-establish connections.
[22:44:15] Port-forwards alive: 0, dead: 7
WARNING: Some port-forwards have died!
Restart the script to re-establish connections.
[22:45:15] Port-forwards alive: 0, dead: 7
WARNING: Some port-forwards have died!
Restart the script to re-establish connections.
[22:46:15] Port-forwards alive: 0, dead: 7
WARNING: Some port-forwards have died!
Restart the script to re-establish connections.
[22:47:15] Port-forwards alive: 0, dead: 7
WARNING: Some port-forwards have died!
Restart the script to re-establish connections.
[22:48:15] Port-forwards alive: 0, dead: 7
WARNING: Some port-forwards have died!
Restart the script to re-establish connections.
[22:49:15] Port-forwards alive: 0, dead: 7
WARNING: Some port-forwards have died!
Restart the script to re-establish connections.
[22:50:15] Port-forwards alive: 0, dead: 7
WARNING: Some port-forwards have died!
Restart the script to re-establish connections.
[22:51:15] Port-forwards alive: 0, dead: 7
WARNING: Some port-forwards have died!
Restart the script to re-establish connections.
[22:52:15] Port-forwards alive: 0, dead: 7
WARNING: Some port-forwards have died!
Restart the script to re-establish connections.
[22:53:15] Port-forwards alive: 0, dead: 7
WARNING: Some port-forwards have died!
Restart the script to re-establish connections.
[22:54:15] Port-forwards alive: 0, dead: 7
WARNING: Some port-forwards have died!
Restart the script to re-establish connections.
[22:55:16] Port-forwards alive: 0, dead: 7
WARNING: Some port-forwards have died!
Restart the script to re-establish connections.
[22:56:16] Port-forwards alive: 0, dead: 7
WARNING: Some port-forwards have died!
Restart the script to re-establish connections.
[22:57:16] Port-forwards alive: 0, dead: 7
WARNING: Some port-forwards have died!
Restart the script to re-establish connections.
[22:58:16] Port-forwards alive: 0, dead: 7
WARNING: Some port-forwards have died!
Restart the script to re-establish connections.
[22:59:16] Port-forwards alive: 0, dead: 7
WARNING: Some port-forwards have died!
Restart the script to re-establish connections.
[23:00:16] Port-forwards alive: 0, dead: 7
WARNING: Some port-forwards have died!
Restart the script to re-establish connections.
[23:01:16] Port-forwards alive: 0, dead: 7
WARNING: Some port-forwards have died!
Restart the script to re-establish connections.
[23:02:16] Port-forwards alive: 0, dead: 7
WARNING: Some port-forwards have died!
Restart the script to re-establish connections.
[23:03:16] Port-forwards alive: 0, dead: 7
WARNING: Some port-forwards have died!
Restart the script to re-establish connections.
[23:04:16] Port-forwards alive: 0, dead: 7
WARNING: Some port-forwards have died!
Restart the script to re-establish connections.
[23:05:16] Port-forwards alive: 0, dead: 7
WARNING: Some port-forwards have died!
Restart the script to re-establish connections.
[23:06:16] Port-forwards alive: 0, dead: 7
WARNING: Some port-forwards have died!
Restart the script to re-establish connections.
[23:07:16] Port-forwards alive: 0, dead: 7
WARNING: Some port-forwards have died!
Restart the script to re-establish connections.
[23:08:16] Port-forwards alive: 0, dead: 7
WARNING: Some port-forwards have died!
Restart the script to re-establish connections.
[23:09:16] Port-forwards alive: 0, dead: 7
WARNING: Some port-forwards have died!
Restart the script to re-establish connections.
[23:10:16] Port-forwards alive: 0, dead: 7
WARNING: Some port-forwards have died!
Restart the script to re-establish connections.
[23:11:16] Port-forwards alive: 0, dead: 7
WARNING: Some port-forwards have died!
Restart the script to re-establish connections.
[23:12:16] Port-forwards alive: 0, dead: 7
WARNING: Some port-forwards have died!
Restart the script to re-establish connections.
[23:13:16] Port-forwards alive: 0, dead: 7
WARNING: Some port-forwards have died!
Restart the script to re-establish connections.
[23:14:16] Port-forwards alive: 0, dead: 7
WARNING: Some port-forwards have died!
Restart the script to re-establish connections.
[23:15:16] Port-forwards alive: 0, dead: 7
WARNING: Some port-forwards have died!
Restart the script to re-establish connections.
[23:16:17] Port-forwards alive: 0, dead: 7
WARNING: Some port-forwards have died!
Restart the script to re-establish connections.
[23:17:17] Port-forwards alive: 0, dead: 7
WARNING: Some port-forwards have died!
Restart the script to re-establish connections.
[23:18:17] Port-forwards alive: 0, dead: 7
WARNING: Some port-forwards have died!
Restart the script to re-establish connections.
[23:19:17] Port-forwards alive: 0, dead: 7
WARNING: Some port-forwards have died!
Restart the script to re-establish connections.
[23:20:17] Port-forwards alive: 0, dead: 7
WARNING: Some port-forwards have died!
Restart the script to re-establish connections.
[23:21:17] Port-forwards alive: 0, dead: 7
WARNING: Some port-forwards have died!
Restart the script to re-establish connections.
[23:22:17] Port-forwards alive: 0, dead: 7
WARNING: Some port-forwards have died!
Restart the script to re-establish connections.
[23:23:17] Port-forwards alive: 0, dead: 7
WARNING: Some port-forwards have died!
Restart the script to re-establish connections.
[23:24:17] Port-forwards alive: 0, dead: 7
WARNING: Some port-forwards have died!
Restart the script to re-establish connections.
[23:25:17] Port-forwards alive: 0, dead: 7
WARNING: Some port-forwards have died!
Restart the script to re-establish connections.
[23:26:17] Port-forwards alive: 0, dead: 7
WARNING: Some port-forwards have died!
Restart the script to re-establish connections.
[23:27:17] Port-forwards alive: 0, dead: 7
WARNING: Some port-forwards have died!
Restart the script to re-establish connections.
[23:28:17] Port-forwards alive: 0, dead: 7
WARNING: Some port-forwards have died!
Restart the script to re-establish connections.
[23:29:17] Port-forwards alive: 0, dead: 7
WARNING: Some port-forwards have died!
Restart the script to re-establish connections.
[23:30:17] Port-forwards alive: 0, dead: 7
WARNING: Some port-forwards have died!
Restart the script to re-establish connections.
[23:31:17] Port-forwards alive: 0, dead: 7
WARNING: Some port-forwards have died!
Restart the script to re-establish connections.
[23:32:17] Port-forwards alive: 0, dead: 7
WARNING: Some port-forwards have died!
Restart the script to re-establish connections.
[23:33:17] Port-forwards alive: 0, dead: 7
WARNING: Some port-forwards have died!
Restart the script to re-establish connections.
[23:34:17] Port-forwards alive: 0, dead: 7
WARNING: Some port-forwards have died!
Restart the script to re-establish connections.
[23:35:18] Port-forwards alive: 0, dead: 7
WARNING: Some port-forwards have died!
Restart the script to re-establish connections.
[23:36:18] Port-forwards alive: 0, dead: 7
WARNING: Some port-forwards have died!
Restart the script to re-establish connections.
[23:37:18] Port-forwards alive: 0, dead: 7
WARNING: Some port-forwards have died!
Restart the script to re-establish connections.
[23:38:18] Port-forwards alive: 0, dead: 7
WARNING: Some port-forwards have died!
Restart the script to re-establish connections.
[23:39:18] Port-forwards alive: 0, dead: 7
WARNING: Some port-forwards have died!
Restart the script to re-establish connections.
[23:40:18] Port-forwards alive: 0, dead: 7
WARNING: Some port-forwards have died!
Restart the script to re-establish connections.
[23:41:18] Port-forwards alive: 0, dead: 7
WARNING: Some port-forwards have died!
Restart the script to re-establish connections.
[23:42:18] Port-forwards alive: 0, dead: 7
WARNING: Some port-forwards have died!
Restart the script to re-establish connections.
[23:43:18] Port-forwards alive: 0, dead: 7
WARNING: Some port-forwards have died!
Restart the script to re-establish connections.
[23:44:18] Port-forwards alive: 0, dead: 7
WARNING: Some port-forwards have died!
Restart the script to re-establish connections.
[23:45:18] Port-forwards alive: 0, dead: 7
WARNING: Some port-forwards have died!
Restart the script to re-establish connections.
[23:46:18] Port-forwards alive: 0, dead: 7
WARNING: Some port-forwards have died!
Restart the script to re-establish connections.
[23:47:18] Port-forwards alive: 0, dead: 7
WARNING: Some port-forwards have died!
Restart the script to re-establish connections.
[23:48:18] Port-forwards alive: 0, dead: 7
WARNING: Some port-forwards have died!
Restart the script to re-establish connections.
[23:49:18] Port-forwards alive: 0, dead: 7
WARNING: Some port-forwards have died!
Restart the script to re-establish connections.
[23:50:18] Port-forwards alive: 0, dead: 7
WARNING: Some port-forwards have died!
Restart the script to re-establish connections.
[23:51:18] Port-forwards alive: 0, dead: 7
WARNING: Some port-forwards have died!
Restart the script to re-establish connections.
[23:52:18] Port-forwards alive: 0, dead: 7
WARNING: Some port-forwards have died!
Restart the script to re-establish connections.
[23:53:18] Port-forwards alive: 0, dead: 7
WARNING: Some port-forwards have died!
Restart the script to re-establish connections.
[23:54:19] Port-forwards alive: 0, dead: 7
WARNING: Some port-forwards have died!
Restart the script to re-establish connections.
[23:55:19] Port-forwards alive: 0, dead: 7
WARNING: Some port-forwards have died!
Restart the script to re-establish connections.
[23:56:19] Port-forwards alive: 0, dead: 7
WARNING: Some port-forwards have died!
Restart the script to re-establish connections.
[23:57:19] Port-forwards alive: 0, dead: 7
WARNING: Some port-forwards have died!
Restart the script to re-establish connections.
[23:58:19] Port-forwards alive: 0, dead: 7
WARNING: Some port-forwards have died!
Restart the script to re-establish connections.
[23:59:19] Port-forwards alive: 0, dead: 7
WARNING: Some port-forwards have died!
Restart the script to re-establish connections.
[00:00:19] Port-forwards alive: 0, dead: 7
WARNING: Some port-forwards have died!
Restart the script to re-establish connections.
[00:01:19] Port-forwards alive: 0, dead: 7
WARNING: Some port-forwards have died!
Restart the script to re-establish connections.
[00:02:19] Port-forwards alive: 0, dead: 7
WARNING: Some port-forwards have died!
Restart the script to re-establish connections.
[00:03:19] Port-forwards alive: 0, dead: 7
WARNING: Some port-forwards have died!
Restart the script to re-establish connections.
[00:04:19] Port-forwards alive: 0, dead: 7
WARNING: Some port-forwards have died!
Restart the script to re-establish connections.
[00:05:19] Port-forwards alive: 0, dead: 7
WARNING: Some port-forwards have died!
Restart the script to re-establish connections.
[00:06:19] Port-forwards alive: 0, dead: 7
WARNING: Some port-forwards have died!
Restart the script to re-establish connections.
[00:07:19] Port-forwards alive: 0, dead: 7
WARNING: Some port-forwards have died!
Restart the script to re-establish connections.
[00:08:19] Port-forwards alive: 0, dead: 7
WARNING: Some port-forwards have died!
Restart the script to re-establish connections.
[00:09:19] Port-forwards alive: 0, dead: 7
WARNING: Some port-forwards have died!
Restart the script to re-establish connections.
[00:10:19] Port-forwards alive: 0, dead: 7
WARNING: Some port-forwards have died!
Restart the script to re-establish connections.
[00:11:19] Port-forwards alive: 0, dead: 7
WARNING: Some port-forwards have died!
Restart the script to re-establish connections.
[00:12:19] Port-forwards alive: 0, dead: 7
WARNING: Some port-forwards have died!
Restart the script to re-establish connections.
[00:13:20] Port-forwards alive: 0, dead: 7
WARNING: Some port-forwards have died!
Restart the script to re-establish connections.
[00:14:20] Port-forwards alive: 0, dead: 7
WARNING: Some port-forwards have died!
Restart the script to re-establish connections.
[00:15:20] Port-forwards alive: 0, dead: 7
WARNING: Some port-forwards have died!
Restart the script to re-establish connections.
[00:16:20] Port-forwards alive: 0, dead: 7
WARNING: Some port-forwards have died!
Restart the script to re-establish connections.
[00:17:20] Port-forwards alive: 0, dead: 7
WARNING: Some port-forwards have died!
Restart the script to re-establish connections.
[00:18:20] Port-forwards alive: 0, dead: 7
WARNING: Some port-forwards have died!
Restart the script to re-establish connections.
[00:19:20] Port-forwards alive: 0, dead: 7
WARNING: Some port-forwards have died!
Restart the script to re-establish connections.
[00:20:20] Port-forwards alive: 0, dead: 7
WARNING: Some port-forwards have died!
Restart the script to re-establish connections.
[00:21:20] Port-forwards alive: 0, dead: 7
WARNING: Some port-forwards have died!
Restart the script to re-establish connections.
[00:22:20] Port-forwards alive: 0, dead: 7
WARNING: Some port-forwards have died!
Restart the script to re-establish connections.
[00:23:20] Port-forwards alive: 0, dead: 7
WARNING: Some port-forwards have died!
Restart the script to re-establish connections.
[00:24:20] Port-forwards alive: 0, dead: 7
WARNING: Some port-forwards have died!
Restart the script to re-establish connections.
[00:25:20] Port-forwards alive: 0, dead: 7
WARNING: Some port-forwards have died!
Restart the script to re-establish connections.
[00:26:20] Port-forwards alive: 0, dead: 7
WARNING: Some port-forwards have died!
Restart the script to re-establish connections.
[00:27:20] Port-forwards alive: 0, dead: 7
WARNING: Some port-forwards have died!
Restart the script to re-establish connections.
[00:28:20] Port-forwards alive: 0, dead: 7
WARNING: Some port-forwards have died!
Restart the script to re-establish connections.
[00:29:20] Port-forwards alive: 0, dead: 7
WARNING: Some port-forwards have died!
Restart the script to re-establish connections.
[00:30:20] Port-forwards alive: 0, dead: 7
WARNING: Some port-forwards have died!
Restart the script to re-establish connections.
[00:31:21] Port-forwards alive: 0, dead: 7
WARNING: Some port-forwards have died!
Restart the script to re-establish connections.
[00:32:21] Port-forwards alive: 0, dead: 7
WARNING: Some port-forwards have died!
Restart the script to re-establish connections.
[00:33:21] Port-forwards alive: 0, dead: 7
WARNING: Some port-forwards have died!
Restart the script to re-establish connections.
[00:34:21] Port-forwards alive: 0, dead: 7
WARNING: Some port-forwards have died!
Restart the script to re-establish connections.
[00:35:21] Port-forwards alive: 0, dead: 7
WARNING: Some port-forwards have died!
Restart the script to re-establish connections.
[00:36:21] Port-forwards alive: 0, dead: 7
WARNING: Some port-forwards have died!
Restart the script to re-establish connections.
[00:37:21] Port-forwards alive: 0, dead: 7
WARNING: Some port-forwards have died!
Restart the script to re-establish connections.
[00:38:21] Port-forwards alive: 0, dead: 7
WARNING: Some port-forwards have died!
Restart the script to re-establish connections.
[00:39:21] Port-forwards alive: 0, dead: 7
WARNING: Some port-forwards have died!
Restart the script to re-establish connections.
[00:40:21] Port-forwards alive: 0, dead: 7
WARNING: Some port-forwards have died!
Restart the script to re-establish connections.
[00:41:21] Port-forwards alive: 0, dead: 7
WARNING: Some port-forwards have died!
Restart the script to re-establish connections.
[00:42:21] Port-forwards alive: 0, dead: 7
WARNING: Some port-forwards have died!
Restart the script to re-establish connections.
[00:43:21] Port-forwards alive: 0, dead: 7
WARNING: Some port-forwards have died!
Restart the script to re-establish connections.
[00:44:22] Port-forwards alive: 0, dead: 7
WARNING: Some port-forwards have died!
Restart the script to re-establish connections.
[00:45:22] Port-forwards alive: 0, dead: 7
WARNING: Some port-forwards have died!
Restart the script to re-establish connections.
[00:46:22] Port-forwards alive: 0, dead: 7
WARNING: Some port-forwards have died!
Restart the script to re-establish connections.
[00:47:22] Port-forwards alive: 0, dead: 7
WARNING: Some port-forwards have died!
Restart the script to re-establish connections.
[00:48:22] Port-forwards alive: 0, dead: 7
WARNING: Some port-forwards have died!
Restart the script to re-establish connections.
[00:49:22] Port-forwards alive: 0, dead: 7
WARNING: Some port-forwards have died!
Restart the script to re-establish connections.
[00:50:22] Port-forwards alive: 0, dead: 7
WARNING: Some port-forwards have died!
Restart the script to re-establish connections.
[00:51:22] Port-forwards alive: 0, dead: 7
WARNING: Some port-forwards have died!
Restart the script to re-establish connections.
[00:52:22] Port-forwards alive: 0, dead: 7
WARNING: Some port-forwards have died!
Restart the script to re-establish connections.
[00:53:22] Port-forwards alive: 0, dead: 7
WARNING: Some port-forwards have died!
Restart the script to re-establish connections.
[00:54:22] Port-forwards alive: 0, dead: 7
WARNING: Some port-forwards have died!
Restart the script to re-establish connections.
[00:55:22] Port-forwards alive: 0, dead: 7
WARNING: Some port-forwards have died!
Restart the script to re-establish connections.
[00:56:22] Port-forwards alive: 0, dead: 7
WARNING: Some port-forwards have died!
Restart the script to re-establish connections.
[00:57:22] Port-forwards alive: 0, dead: 7
WARNING: Some port-forwards have died!
Restart the script to re-establish connections.
[00:58:22] Port-forwards alive: 0, dead: 7
WARNING: Some port-forwards have died!
Restart the script to re-establish connections.
[00:59:22] Port-forwards alive: 0, dead: 7
WARNING: Some port-forwards have died!
Restart the script to re-establish connections.
[01:00:22] Port-forwards alive: 0, dead: 7
WARNING: Some port-forwards have died!
Restart the script to re-establish connections.
[01:01:23] Port-forwards alive: 0, dead: 7
WARNING: Some port-forwards have died!
Restart the script to re-establish connections.
[01:02:23] Port-forwards alive: 0, dead: 7
WARNING: Some port-forwards have died!
Restart the script to re-establish connections.
[01:03:23] Port-forwards alive: 0, dead: 7
WARNING: Some port-forwards have died!
Restart the script to re-establish connections.
[01:04:23] Port-forwards alive: 0, dead: 7
WARNING: Some port-forwards have died!
Restart the script to re-establish connections.
[01:05:23] Port-forwards alive: 0, dead: 7
WARNING: Some port-forwards have died!
Restart the script to re-establish connections.
[01:06:23] Port-forwards alive: 0, dead: 7
WARNING: Some port-forwards have died!
Restart the script to re-establish connections.
[01:07:23] Port-forwards alive: 0, dead: 7
WARNING: Some port-forwards have died!
Restart the script to re-establish connections.
[01:08:23] Port-forwards alive: 0, dead: 7
WARNING: Some port-forwards have died!
Restart the script to re-establish connections.
[01:09:23] Port-forwards alive: 0, dead: 7
WARNING: Some port-forwards have died!
Restart the script to re-establish connections.
[01:10:23] Port-forwards alive: 0, dead: 7
WARNING: Some port-forwards have died!
Restart the script to re-establish connections.
[01:11:23] Port-forwards alive: 0, dead: 7
WARNING: Some port-forwards have died!
Restart the script to re-establish connections.
[01:12:23] Port-forwards alive: 0, dead: 7
WARNING: Some port-forwards have died!
Restart the script to re-establish connections.
[01:13:23] Port-forwards alive: 0, dead: 7
WARNING: Some port-forwards have died!
Restart the script to re-establish connections.
[01:14:23] Port-forwards alive: 0, dead: 7
WARNING: Some port-forwards have died!
Restart the script to re-establish connections.
[01:15:23] Port-forwards alive: 0, dead: 7
WARNING: Some port-forwards have died!
Restart the script to re-establish connections.
[01:16:23] Port-forwards alive: 0, dead: 7
WARNING: Some port-forwards have died!
Restart the script to re-establish connections.
[01:17:24] Port-forwards alive: 0, dead: 7
WARNING: Some port-forwards have died!
Restart the script to re-establish connections.
[01:18:24] Port-forwards alive: 0, dead: 7
WARNING: Some port-forwards have died!
Restart the script to re-establish connections.
[01:19:24] Port-forwards alive: 0, dead: 7
WARNING: Some port-forwards have died!
Restart the script to re-establish connections.
[01:20:24] Port-forwards alive: 0, dead: 7
WARNING: Some port-forwards have died!
Restart the script to re-establish connections.
[01:21:24] Port-forwards alive: 0, dead: 7
WARNING: Some port-forwards have died!
Restart the script to re-establish connections.
[01:22:24] Port-forwards alive: 0, dead: 7
WARNING: Some port-forwards have died!
Restart the script to re-establish connections.
[01:23:24] Port-forwards alive: 0, dead: 7
WARNING: Some port-forwards have died!
Restart the script to re-establish connections.
[01:24:24] Port-forwards alive: 0, dead: 7
WARNING: Some port-forwards have died!
Restart the script to re-establish connections.
[01:25:24] Port-forwards alive: 0, dead: 7
WARNING: Some port-forwards have died!
Restart the script to re-establish connections.
[01:26:24] Port-forwards alive: 0, dead: 7
WARNING: Some port-forwards have died!
Restart the script to re-establish connections.
[01:27:24] Port-forwards alive: 0, dead: 7
WARNING: Some port-forwards have died!
Restart the script to re-establish connections.
[01:28:24] Port-forwards alive: 0, dead: 7
WARNING: Some port-forwards have died!
Restart the script to re-establish connections.
[01:29:24] Port-forwards alive: 0, dead: 7
WARNING: Some port-forwards have died!
Restart the script to re-establish connections.
[01:30:24] Port-forwards alive: 0, dead: 7
WARNING: Some port-forwards have died!
Restart the script to re-establish connections.
[01:31:24] Port-forwards alive: 0, dead: 7
WARNING: Some port-forwards have died!
Restart the script to re-establish connections.
[01:32:24] Port-forwards alive: 0, dead: 7
WARNING: Some port-forwards have died!
Restart the script to re-establish connections.
[01:33:25] Port-forwards alive: 0, dead: 7
WARNING: Some port-forwards have died!
Restart the script to re-establish connections.
[01:34:25] Port-forwards alive: 0, dead: 7
WARNING: Some port-forwards have died!
Restart the script to re-establish connections.
[01:35:25] Port-forwards alive: 0, dead: 7
WARNING: Some port-forwards have died!
Restart the script to re-establish connections.
[01:36:25] Port-forwards alive: 0, dead: 7
WARNING: Some port-forwards have died!
Restart the script to re-establish connections.
[01:37:25] Port-forwards alive: 0, dead: 7
WARNING: Some port-forwards have died!
Restart the script to re-establish connections.
[01:38:25] Port-forwards alive: 0, dead: 7
WARNING: Some port-forwards have died!
Restart the script to re-establish connections.
[01:39:25] Port-forwards alive: 0, dead: 7
WARNING: Some port-forwards have died!
Restart the script to re-establish connections.
[01:40:25] Port-forwards alive: 0, dead: 7
WARNING: Some port-forwards have died!
Restart the script to re-establish connections.
[01:41:25] Port-forwards alive: 0, dead: 7
WARNING: Some port-forwards have died!
Restart the script to re-establish connections.
[01:42:25] Port-forwards alive: 0, dead: 7
WARNING: Some port-forwards have died!
Restart the script to re-establish connections.
[01:43:25] Port-forwards alive: 0, dead: 7
WARNING: Some port-forwards have died!
Restart the script to re-establish connections.
[01:44:25] Port-forwards alive: 0, dead: 7
WARNING: Some port-forwards have died!
Restart the script to re-establish connections.
[01:45:25] Port-forwards alive: 0, dead: 7
WARNING: Some port-forwards have died!
Restart the script to re-establish connections.
[01:46:25] Port-forwards alive: 0, dead: 7
WARNING: Some port-forwards have died!
Restart the script to re-establish connections.
[01:47:25] Port-forwards alive: 0, dead: 7
WARNING: Some port-forwards have died!
Restart the script to re-establish connections.
[01:48:25] Port-forwards alive: 0, dead: 7
WARNING: Some port-forwards have died!
Restart the script to re-establish connections.
[01:49:25] Port-forwards alive: 0, dead: 7
WARNING: Some port-forwards have died!
Restart the script to re-establish connections.
[01:50:25] Port-forwards alive: 0, dead: 7
WARNING: Some port-forwards have died!
Restart the script to re-establish connections.
[01:51:26] Port-forwards alive: 0, dead: 7
WARNING: Some port-forwards have died!
Restart the script to re-establish connections.
[01:52:26] Port-forwards alive: 0, dead: 7
WARNING: Some port-forwards have died!
Restart the script to re-establish connections.
[01:53:26] Port-forwards alive: 0, dead: 7
WARNING: Some port-forwards have died!
Restart the script to re-establish connections.
[01:54:26] Port-forwards alive: 0, dead: 7
WARNING: Some port-forwards have died!
Restart the script to re-establish connections.
[01:55:26] Port-forwards alive: 0, dead: 7
WARNING: Some port-forwards have died!
Restart the script to re-establish connections.
[01:56:26] Port-forwards alive: 0, dead: 7
WARNING: Some port-forwards have died!
Restart the script to re-establish connections.
[01:57:26] Port-forwards alive: 0, dead: 7
WARNING: Some port-forwards have died!
Restart the script to re-establish connections.
[01:58:26] Port-forwards alive: 0, dead: 7
WARNING: Some port-forwards have died!
Restart the script to re-establish connections.
[01:59:26] Port-forwards alive: 0, dead: 7
WARNING: Some port-forwards have died!
Restart the script to re-establish connections.
[02:00:26] Port-forwards alive: 0, dead: 7
WARNING: Some port-forwards have died!
Restart the script to re-establish connections.
[02:01:26] Port-forwards alive: 0, dead: 7
WARNING: Some port-forwards have died!
Restart the script to re-establish connections.
[02:02:26] Port-forwards alive: 0, dead: 7
WARNING: Some port-forwards have died!
Restart the script to re-establish connections.
[02:03:26] Port-forwards alive: 0, dead: 7
WARNING: Some port-forwards have died!
Restart the script to re-establish connections.
[02:04:26] Port-forwards alive: 0, dead: 7
WARNING: Some port-forwards have died!
Restart the script to re-establish connections.
[02:05:26] Port-forwards alive: 0, dead: 7
WARNING: Some port-forwards have died!
Restart the script to re-establish connections.
[02:06:26] Port-forwards alive: 0, dead: 7
WARNING: Some port-forwards have died!
Restart the script to re-establish connections.
[02:07:26] Port-forwards alive: 0, dead: 7
WARNING: Some port-forwards have died!
Restart the script to re-establish connections.
[02:08:27] Port-forwards alive: 0, dead: 7
WARNING: Some port-forwards have died!
Restart the script to re-establish connections.
[02:09:27] Port-forwards alive: 0, dead: 7
WARNING: Some port-forwards have died!
Restart the script to re-establish connections.
[02:10:27] Port-forwards alive: 0, dead: 7
WARNING: Some port-forwards have died!
Restart the script to re-establish connections.
[02:11:27] Port-forwards alive: 0, dead: 7
WARNING: Some port-forwards have died!
Restart the script to re-establish connections.
[02:12:27] Port-forwards alive: 0, dead: 7
WARNING: Some port-forwards have died!
Restart the script to re-establish connections.
[02:13:27] Port-forwards alive: 0, dead: 7
WARNING: Some port-forwards have died!
Restart the script to re-establish connections.
[02:14:27] Port-forwards alive: 0, dead: 7
WARNING: Some port-forwards have died!
Restart the script to re-establish connections.
[02:15:27] Port-forwards alive: 0, dead: 7
WARNING: Some port-forwards have died!
Restart the script to re-establish connections.
[02:16:27] Port-forwards alive: 0, dead: 7
WARNING: Some port-forwards have died!
Restart the script to re-establish connections.
[02:17:27] Port-forwards alive: 0, dead: 7
WARNING: Some port-forwards have died!
Restart the script to re-establish connections.
[02:18:27] Port-forwards alive: 0, dead: 7
WARNING: Some port-forwards have died!
Restart the script to re-establish connections.
[02:19:27] Port-forwards alive: 0, dead: 7
WARNING: Some port-forwards have died!
Restart the script to re-establish connections.
[02:20:27] Port-forwards alive: 0, dead: 7
WARNING: Some port-forwards have died!
Restart the script to re-establish connections.
[02:21:27] Port-forwards alive: 0, dead: 7
WARNING: Some port-forwards have died!
Restart the script to re-establish connections.
[02:22:27] Port-forwards alive: 0, dead: 7
WARNING: Some port-forwards have died!
Restart the script to re-establish connections.
[02:23:27] Port-forwards alive: 0, dead: 7
WARNING: Some port-forwards have died!
Restart the script to re-establish connections.
[02:24:28] Port-forwards alive: 0, dead: 7
WARNING: Some port-forwards have died!
Restart the script to re-establish connections.
[02:25:28] Port-forwards alive: 0, dead: 7
WARNING: Some port-forwards have died!
Restart the script to re-establish connections.
[02:26:28] Port-forwards alive: 0, dead: 7
WARNING: Some port-forwards have died!
Restart the script to re-establish connections.
[02:27:28] Port-forwards alive: 0, dead: 7
WARNING: Some port-forwards have died!
Restart the script to re-establish connections.
[02:28:28] Port-forwards alive: 0, dead: 7
WARNING: Some port-forwards have died!
Restart the script to re-establish connections.
[02:29:28] Port-forwards alive: 0, dead: 7
WARNING: Some port-forwards have died!
Restart the script to re-establish connections.
[02:30:28] Port-forwards alive: 0, dead: 7
WARNING: Some port-forwards have died!
Restart the script to re-establish connections.
[02:31:28] Port-forwards alive: 0, dead: 7
WARNING: Some port-forwards have died!
Restart the script to re-establish connections.
[02:32:28] Port-forwards alive: 0, dead: 7
WARNING: Some port-forwards have died!
Restart the script to re-establish connections.
[02:33:28] Port-forwards alive: 0, dead: 7
WARNING: Some port-forwards have died!
Restart the script to re-establish connections.
[02:34:28] Port-forwards alive: 0, dead: 7
WARNING: Some port-forwards have died!
Restart the script to re-establish connections.
[02:35:28] Port-forwards alive: 0, dead: 7
WARNING: Some port-forwards have died!
Restart the script to re-establish connections.
[02:36:28] Port-forwards alive: 0, dead: 7
WARNING: Some port-forwards have died!
Restart the script to re-establish connections.
[02:37:28] Port-forwards alive: 0, dead: 7
WARNING: Some port-forwards have died!
Restart the script to re-establish connections.
[02:38:28] Port-forwards alive: 0, dead: 7
WARNING: Some port-forwards have died!
Restart the script to re-establish connections.
[02:39:28] Port-forwards alive: 0, dead: 7
WARNING: Some port-forwards have died!
Restart the script to re-establish connections.
[02:40:28] Port-forwards alive: 0, dead: 7
WARNING: Some port-forwards have died!
Restart the script to re-establish connections.
[02:41:29] Port-forwards alive: 0, dead: 7
WARNING: Some port-forwards have died!
Restart the script to re-establish connections.
[02:42:29] Port-forwards alive: 0, dead: 7
WARNING: Some port-forwards have died!
Restart the script to re-establish connections.
[02:43:29] Port-forwards alive: 0, dead: 7
WARNING: Some port-forwards have died!
Restart the script to re-establish connections.
[02:44:29] Port-forwards alive: 0, dead: 7
WARNING: Some port-forwards have died!
Restart the script to re-establish connections.
[02:45:29] Port-forwards alive: 0, dead: 7
WARNING: Some port-forwards have died!
Restart the script to re-establish connections.
[02:46:29] Port-forwards alive: 0, dead: 7
WARNING: Some port-forwards have died!
Restart the script to re-establish connections.
[02:47:29] Port-forwards alive: 0, dead: 7
WARNING: Some port-forwards have died!
Restart the script to re-establish connections.
[02:48:29] Port-forwards alive: 0, dead: 7
WARNING: Some port-forwards have died!
Restart the script to re-establish connections.
[02:49:29] Port-forwards alive: 0, dead: 7
WARNING: Some port-forwards have died!
Restart the script to re-establish connections.
[02:50:29] Port-forwards alive: 0, dead: 7
WARNING: Some port-forwards have died!
Restart the script to re-establish connections.
[02:51:29] Port-forwards alive: 0, dead: 7
WARNING: Some port-forwards have died!
Restart the script to re-establish connections.
[02:52:29] Port-forwards alive: 0, dead: 7
WARNING: Some port-forwards have died!
Restart the script to re-establish connections.
[02:53:29] Port-forwards alive: 0, dead: 7
WARNING: Some port-forwards have died!
Restart the script to re-establish connections.
[02:54:29] Port-forwards alive: 0, dead: 7
WARNING: Some port-forwards have died!
Restart the script to re-establish connections.
[02:55:29] Port-forwards alive: 0, dead: 7
WARNING: Some port-forwards have died!
Restart the script to re-establish connections.
[02:56:29] Port-forwards alive: 0, dead: 7
WARNING: Some port-forwards have died!
Restart the script to re-establish connections.
[02:57:29] Port-forwards alive: 0, dead: 7
WARNING: Some port-forwards have died!
Restart the script to re-establish connections.
[02:58:29] Port-forwards alive: 0, dead: 7
WARNING: Some port-forwards have died!
Restart the script to re-establish connections.
[02:59:30] Port-forwards alive: 0, dead: 7
WARNING: Some port-forwards have died!
Restart the script to re-establish connections.
[03:00:30] Port-forwards alive: 0, dead: 7
WARNING: Some port-forwards have died!
Restart the script to re-establish connections.
[03:01:30] Port-forwards alive: 0, dead: 7
WARNING: Some port-forwards have died!
Restart the script to re-establish connections.
[03:02:30] Port-forwards alive: 0, dead: 7
WARNING: Some port-forwards have died!
Restart the script to re-establish connections.
[03:03:30] Port-forwards alive: 0, dead: 7
WARNING: Some port-forwards have died!
Restart the script to re-establish connections.
[03:04:30] Port-forwards alive: 0, dead: 7
WARNING: Some port-forwards have died!
Restart the script to re-establish connections.
[03:05:30] Port-forwards alive: 0, dead: 7
WARNING: Some port-forwards have died!
Restart the script to re-establish connections.
[03:06:30] Port-forwards alive: 0, dead: 7
WARNING: Some port-forwards have died!
Restart the script to re-establish connections.
[03:07:30] Port-forwards alive: 0, dead: 7
WARNING: Some port-forwards have died!
Restart the script to re-establish connections.
[03:08:30] Port-forwards alive: 0, dead: 7
WARNING: Some port-forwards have died!
Restart the script to re-establish connections.
[03:09:30] Port-forwards alive: 0, dead: 7
WARNING: Some port-forwards have died!
Restart the script to re-establish connections.
[03:10:30] Port-forwards alive: 0, dead: 7
WARNING: Some port-forwards have died!
Restart the script to re-establish connections.
[03:11:30] Port-forwards alive: 0, dead: 7
WARNING: Some port-forwards have died!
Restart the script to re-establish connections.
[03:12:30] Port-forwards alive: 0, dead: 7
WARNING: Some port-forwards have died!
Restart the script to re-establish connections.
[03:13:30] Port-forwards alive: 0, dead: 7
WARNING: Some port-forwards have died!
Restart the script to re-establish connections.
[03:14:30] Port-forwards alive: 0, dead: 7
WARNING: Some port-forwards have died!
Restart the script to re-establish connections.
[03:15:30] Port-forwards alive: 0, dead: 7
WARNING: Some port-forwards have died!
Restart the script to re-establish connections.
[03:16:31] Port-forwards alive: 0, dead: 7
WARNING: Some port-forwards have died!
Restart the script to re-establish connections.
[03:17:31] Port-forwards alive: 0, dead: 7
WARNING: Some port-forwards have died!
Restart the script to re-establish connections.
[03:18:31] Port-forwards alive: 0, dead: 7
WARNING: Some port-forwards have died!
Restart the script to re-establish connections.
[03:19:31] Port-forwards alive: 0, dead: 7
WARNING: Some port-forwards have died!
Restart the script to re-establish connections.
[03:20:31] Port-forwards alive: 0, dead: 7
WARNING: Some port-forwards have died!
Restart the script to re-establish connections.
[03:21:31] Port-forwards alive: 0, dead: 7
WARNING: Some port-forwards have died!
Restart the script to re-establish connections.
[03:22:31] Port-forwards alive: 0, dead: 7
WARNING: Some port-forwards have died!
Restart the script to re-establish connections.
[03:23:31] Port-forwards alive: 0, dead: 7
WARNING: Some port-forwards have died!
Restart the script to re-establish connections.
[03:24:31] Port-forwards alive: 0, dead: 7
WARNING: Some port-forwards have died!
Restart the script to re-establish connections.
[03:25:31] Port-forwards alive: 0, dead: 7
WARNING: Some port-forwards have died!
Restart the script to re-establish connections.
[03:26:31] Port-forwards alive: 0, dead: 7
WARNING: Some port-forwards have died!
Restart the script to re-establish connections.
[03:27:31] Port-forwards alive: 0, dead: 7
WARNING: Some port-forwards have died!
Restart the script to re-establish connections.
[03:28:31] Port-forwards alive: 0, dead: 7
WARNING: Some port-forwards have died!
Restart the script to re-establish connections.
[03:29:31] Port-forwards alive: 0, dead: 7
WARNING: Some port-forwards have died!
Restart the script to re-establish connections.
[03:30:31] Port-forwards alive: 0, dead: 7
WARNING: Some port-forwards have died!
Restart the script to re-establish connections.
[03:31:31] Port-forwards alive: 0, dead: 7
WARNING: Some port-forwards have died!
Restart the script to re-establish connections.
[03:32:31] Port-forwards alive: 0, dead: 7
WARNING: Some port-forwards have died!
Restart the script to re-establish connections.
[03:33:31] Port-forwards alive: 0, dead: 7
WARNING: Some port-forwards have died!
Restart the script to re-establish connections.
[03:34:32] Port-forwards alive: 0, dead: 7
WARNING: Some port-forwards have died!
Restart the script to re-establish connections.
[03:35:32] Port-forwards alive: 0, dead: 7
WARNING: Some port-forwards have died!
Restart the script to re-establish connections.
[03:36:32] Port-forwards alive: 0, dead: 7
WARNING: Some port-forwards have died!
Restart the script to re-establish connections.
[03:37:32] Port-forwards alive: 0, dead: 7
WARNING: Some port-forwards have died!
Restart the script to re-establish connections.
[03:38:32] Port-forwards alive: 0, dead: 7
WARNING: Some port-forwards have died!
Restart the script to re-establish connections.
[03:39:32] Port-forwards alive: 0, dead: 7
WARNING: Some port-forwards have died!
Restart the script to re-establish connections.
[03:40:32] Port-forwards alive: 0, dead: 7
WARNING: Some port-forwards have died!
Restart the script to re-establish connections.
[03:41:32] Port-forwards alive: 0, dead: 7
WARNING: Some port-forwards have died!
Restart the script to re-establish connections.
[03:42:32] Port-forwards alive: 0, dead: 7
WARNING: Some port-forwards have died!
Restart the script to re-establish connections.
[03:43:32] Port-forwards alive: 0, dead: 7
WARNING: Some port-forwards have died!
Restart the script to re-establish connections.
[03:44:32] Port-forwards alive: 0, dead: 7
WARNING: Some port-forwards have died!
Restart the script to re-establish connections.
[03:45:32] Port-forwards alive: 0, dead: 7
WARNING: Some port-forwards have died!
Restart the script to re-establish connections.
[03:46:32] Port-forwards alive: 0, dead: 7
WARNING: Some port-forwards have died!
Restart the script to re-establish connections.
[03:47:32] Port-forwards alive: 0, dead: 7
WARNING: Some port-forwards have died!
Restart the script to re-establish connections.
[03:48:32] Port-forwards alive: 0, dead: 7
WARNING: Some port-forwards have died!
Restart the script to re-establish connections.
[03:49:32] Port-forwards alive: 0, dead: 7
WARNING: Some port-forwards have died!
Restart the script to re-establish connections.
[03:50:33] Port-forwards alive: 0, dead: 7
WARNING: Some port-forwards have died!
Restart the script to re-establish connections.
[03:51:33] Port-forwards alive: 0, dead: 7
WARNING: Some port-forwards have died!
Restart the script to re-establish connections.
[03:52:33] Port-forwards alive: 0, dead: 7
WARNING: Some port-forwards have died!
Restart the script to re-establish connections.
[03:53:33] Port-forwards alive: 0, dead: 7
WARNING: Some port-forwards have died!
Restart the script to re-establish connections.
[03:54:33] Port-forwards alive: 0, dead: 7
WARNING: Some port-forwards have died!
Restart the script to re-establish connections.
[03:55:33] Port-forwards alive: 0, dead: 7
WARNING: Some port-forwards have died!
Restart the script to re-establish connections.
[03:56:33] Port-forwards alive: 0, dead: 7
WARNING: Some port-forwards have died!
Restart the script to re-establish connections.
[03:57:33] Port-forwards alive: 0, dead: 7
WARNING: Some port-forwards have died!
Restart the script to re-establish connections.
[03:58:33] Port-forwards alive: 0, dead: 7
WARNING: Some port-forwards have died!
Restart the script to re-establish connections.
[03:59:33] Port-forwards alive: 0, dead: 7
WARNING: Some port-forwards have died!
Restart the script to re-establish connections.
[04:00:33] Port-forwards alive: 0, dead: 7
WARNING: Some port-forwards have died!
Restart the script to re-establish connections.
[04:01:33] Port-forwards alive: 0, dead: 7
WARNING: Some port-forwards have died!
Restart the script to re-establish connections.
[04:02:33] Port-forwards alive: 0, dead: 7
WARNING: Some port-forwards have died!
Restart the script to re-establish connections.
[04:03:33] Port-forwards alive: 0, dead: 7
WARNING: Some port-forwards have died!
Restart the script to re-establish connections.
[04:04:33] Port-forwards alive: 0, dead: 7
WARNING: Some port-forwards have died!
Restart the script to re-establish connections.
[04:05:33] Port-forwards alive: 0, dead: 7
WARNING: Some port-forwards have died!
Restart the script to re-establish connections.
[04:06:33] Port-forwards alive: 0, dead: 7
WARNING: Some port-forwards have died!
Restart the script to re-establish connections.
[04:07:33] Port-forwards alive: 0, dead: 7
WARNING: Some port-forwards have died!
Restart the script to re-establish connections.
[04:08:33] Port-forwards alive: 0, dead: 7
WARNING: Some port-forwards have died!
Restart the script to re-establish connections.
[04:09:34] Port-forwards alive: 0, dead: 7
WARNING: Some port-forwards have died!
Restart the script to re-establish connections.
[04:10:34] Port-forwards alive: 0, dead: 7
WARNING: Some port-forwards have died!
Restart the script to re-establish connections.
[04:11:34] Port-forwards alive: 0, dead: 7
WARNING: Some port-forwards have died!
Restart the script to re-establish connections.
[04:12:34] Port-forwards alive: 0, dead: 7
WARNING: Some port-forwards have died!
Restart the script to re-establish connections.
[04:13:34] Port-forwards alive: 0, dead: 7
WARNING: Some port-forwards have died!
Restart the script to re-establish connections.
[04:14:34] Port-forwards alive: 0, dead: 7
WARNING: Some port-forwards have died!
Restart the script to re-establish connections.
[04:15:34] Port-forwards alive: 0, dead: 7
WARNING: Some port-forwards have died!
Restart the script to re-establish connections.
[04:16:34] Port-forwards alive: 0, dead: 7
WARNING: Some port-forwards have died!
Restart the script to re-establish connections.
[04:17:34] Port-forwards alive: 0, dead: 7
WARNING: Some port-forwards have died!
Restart the script to re-establish connections.
[04:18:34] Port-forwards alive: 0, dead: 7
WARNING: Some port-forwards have died!
Restart the script to re-establish connections.
[04:19:34] Port-forwards alive: 0, dead: 7
WARNING: Some port-forwards have died!
Restart the script to re-establish connections.
[04:20:34] Port-forwards alive: 0, dead: 7
WARNING: Some port-forwards have died!
Restart the script to re-establish connections.
[04:21:34] Port-forwards alive: 0, dead: 7
WARNING: Some port-forwards have died!
Restart the script to re-establish connections.
[04:22:34] Port-forwards alive: 0, dead: 7
WARNING: Some port-forwards have died!
Restart the script to re-establish connections.
[04:23:34] Port-forwards alive: 0, dead: 7
WARNING: Some port-forwards have died!
Restart the script to re-establish connections.
[04:24:34] Port-forwards alive: 0, dead: 7
WARNING: Some port-forwards have died!
Restart the script to re-establish connections.
[04:25:34] Port-forwards alive: 0, dead: 7
WARNING: Some port-forwards have died!
Restart the script to re-establish connections.
[04:26:34] Port-forwards alive: 0, dead: 7
WARNING: Some port-forwards have died!
Restart the script to re-establish connections.
[04:27:35] Port-forwards alive: 0, dead: 7
WARNING: Some port-forwards have died!
Restart the script to re-establish connections.
[04:28:35] Port-forwards alive: 0, dead: 7
WARNING: Some port-forwards have died!
Restart the script to re-establish connections.
[04:29:35] Port-forwards alive: 0, dead: 7
WARNING: Some port-forwards have died!
Restart the script to re-establish connections.
[04:30:35] Port-forwards alive: 0, dead: 7
WARNING: Some port-forwards have died!
Restart the script to re-establish connections.
[04:31:35] Port-forwards alive: 0, dead: 7
WARNING: Some port-forwards have died!
Restart the script to re-establish connections.
[04:32:35] Port-forwards alive: 0, dead: 7
WARNING: Some port-forwards have died!
Restart the script to re-establish connections.
[04:33:35] Port-forwards alive: 0, dead: 7
WARNING: Some port-forwards have died!
Restart the script to re-establish connections.
[04:34:35] Port-forwards alive: 0, dead: 7
WARNING: Some port-forwards have died!
Restart the script to re-establish connections.
[04:35:35] Port-forwards alive: 0, dead: 7
WARNING: Some port-forwards have died!
Restart the script to re-establish connections.
[04:36:35] Port-forwards alive: 0, dead: 7
WARNING: Some port-forwards have died!
Restart the script to re-establish connections.
[04:37:35] Port-forwards alive: 0, dead: 7
WARNING: Some port-forwards have died!
Restart the script to re-establish connections.
[04:38:35] Port-forwards alive: 0, dead: 7
WARNING: Some port-forwards have died!
Restart the script to re-establish connections.
[04:39:35] Port-forwards alive: 0, dead: 7
WARNING: Some port-forwards have died!
Restart the script to re-establish connections.
[04:40:35] Port-forwards alive: 0, dead: 7
WARNING: Some port-forwards have died!
Restart the script to re-establish connections.
[04:41:35] Port-forwards alive: 0, dead: 7
WARNING: Some port-forwards have died!
Restart the script to re-establish connections.
[04:42:35] Port-forwards alive: 0, dead: 7
WARNING: Some port-forwards have died!
Restart the script to re-establish connections.
[04:43:35] Port-forwards alive: 0, dead: 7
WARNING: Some port-forwards have died!
Restart the script to re-establish connections.
[04:44:35] Port-forwards alive: 0, dead: 7
WARNING: Some port-forwards have died!
Restart the script to re-establish connections.
[04:45:36] Port-forwards alive: 0, dead: 7
WARNING: Some port-forwards have died!
Restart the script to re-establish connections.
[04:46:36] Port-forwards alive: 0, dead: 7
WARNING: Some port-forwards have died!
Restart the script to re-establish connections.
[04:47:36] Port-forwards alive: 0, dead: 7
WARNING: Some port-forwards have died!
Restart the script to re-establish connections.
[04:48:36] Port-forwards alive: 0, dead: 7
WARNING: Some port-forwards have died!
Restart the script to re-establish connections.
[04:49:36] Port-forwards alive: 0, dead: 7
WARNING: Some port-forwards have died!
Restart the script to re-establish connections.
[04:50:36] Port-forwards alive: 0, dead: 7
WARNING: Some port-forwards have died!
Restart the script to re-establish connections.
[04:51:36] Port-forwards alive: 0, dead: 7
WARNING: Some port-forwards have died!
Restart the script to re-establish connections.
[04:52:36] Port-forwards alive: 0, dead: 7
WARNING: Some port-forwards have died!
Restart the script to re-establish connections.
[04:53:36] Port-forwards alive: 0, dead: 7
WARNING: Some port-forwards have died!
Restart the script to re-establish connections.
[04:54:36] Port-forwards alive: 0, dead: 7
WARNING: Some port-forwards have died!
Restart the script to re-establish connections.
[04:55:36] Port-forwards alive: 0, dead: 7
WARNING: Some port-forwards have died!
Restart the script to re-establish connections.
[04:56:36] Port-forwards alive: 0, dead: 7
WARNING: Some port-forwards have died!
Restart the script to re-establish connections.
[04:57:36] Port-forwards alive: 0, dead: 7
WARNING: Some port-forwards have died!
Restart the script to re-establish connections.
[04:58:36] Port-forwards alive: 0, dead: 7
WARNING: Some port-forwards have died!
Restart the script to re-establish connections.
[04:59:36] Port-forwards alive: 0, dead: 7
WARNING: Some port-forwards have died!
Restart the script to re-establish connections.
[05:00:36] Port-forwards alive: 0, dead: 7
WARNING: Some port-forwards have died!
Restart the script to re-establish connections.
[05:01:36] Port-forwards alive: 0, dead: 7
WARNING: Some port-forwards have died!
Restart the script to re-establish connections.
[05:02:36] Port-forwards alive: 0, dead: 7
WARNING: Some port-forwards have died!
Restart the script to re-establish connections.
[05:03:37] Port-forwards alive: 0, dead: 7
WARNING: Some port-forwards have died!
Restart the script to re-establish connections.
[05:04:37] Port-forwards alive: 0, dead: 7
WARNING: Some port-forwards have died!
Restart the script to re-establish connections.
[05:05:37] Port-forwards alive: 0, dead: 7
WARNING: Some port-forwards have died!
Restart the script to re-establish connections.
[05:06:37] Port-forwards alive: 0, dead: 7
WARNING: Some port-forwards have died!
Restart the script to re-establish connections.
[05:07:37] Port-forwards alive: 0, dead: 7
WARNING: Some port-forwards have died!
Restart the script to re-establish connections.
[05:08:37] Port-forwards alive: 0, dead: 7
WARNING: Some port-forwards have died!
Restart the script to re-establish connections.
[05:09:37] Port-forwards alive: 0, dead: 7
WARNING: Some port-forwards have died!
Restart the script to re-establish connections.
[05:10:37] Port-forwards alive: 0, dead: 7
WARNING: Some port-forwards have died!
Restart the script to re-establish connections.
[05:11:37] Port-forwards alive: 0, dead: 7
WARNING: Some port-forwards have died!
Restart the script to re-establish connections.
[05:12:37] Port-forwards alive: 0, dead: 7
WARNING: Some port-forwards have died!
Restart the script to re-establish connections.
[05:13:37] Port-forwards alive: 0, dead: 7
WARNING: Some port-forwards have died!
Restart the script to re-establish connections.
[05:14:37] Port-forwards alive: 0, dead: 7
WARNING: Some port-forwards have died!
Restart the script to re-establish connections.
[05:15:37] Port-forwards alive: 0, dead: 7
WARNING: Some port-forwards have died!
Restart the script to re-establish connections.
[05:16:37] Port-forwards alive: 0, dead: 7
WARNING: Some port-forwards have died!
Restart the script to re-establish connections.
[05:17:37] Port-forwards alive: 0, dead: 7
WARNING: Some port-forwards have died!
Restart the script to re-establish connections.
[05:18:37] Port-forwards alive: 0, dead: 7
WARNING: Some port-forwards have died!
Restart the script to re-establish connections.
[05:19:37] Port-forwards alive: 0, dead: 7
WARNING: Some port-forwards have died!
Restart the script to re-establish connections.
[05:20:37] Port-forwards alive: 0, dead: 7
WARNING: Some port-forwards have died!
Restart the script to re-establish connections.
[05:21:37] Port-forwards alive: 0, dead: 7
WARNING: Some port-forwards have died!
Restart the script to re-establish connections.
[05:22:38] Port-forwards alive: 0, dead: 7
WARNING: Some port-forwards have died!
Restart the script to re-establish connections.
[05:23:38] Port-forwards alive: 0, dead: 7
WARNING: Some port-forwards have died!
Restart the script to re-establish connections.
[05:24:38] Port-forwards alive: 0, dead: 7
WARNING: Some port-forwards have died!
Restart the script to re-establish connections.
[05:25:38] Port-forwards alive: 0, dead: 7
WARNING: Some port-forwards have died!
Restart the script to re-establish connections.
[05:26:38] Port-forwards alive: 0, dead: 7
WARNING: Some port-forwards have died!
Restart the script to re-establish connections.
[05:27:38] Port-forwards alive: 0, dead: 7
WARNING: Some port-forwards have died!
Restart the script to re-establish connections.
[05:28:38] Port-forwards alive: 0, dead: 7
WARNING: Some port-forwards have died!
Restart the script to re-establish connections.
[05:29:38] Port-forwards alive: 0, dead: 7
WARNING: Some port-forwards have died!
Restart the script to re-establish connections.
[05:30:38] Port-forwards alive: 0, dead: 7
WARNING: Some port-forwards have died!
Restart the script to re-establish connections.
[05:31:38] Port-forwards alive: 0, dead: 7
WARNING: Some port-forwards have died!
Restart the script to re-establish connections.
[05:32:38] Port-forwards alive: 0, dead: 7
WARNING: Some port-forwards have died!
Restart the script to re-establish connections.
[05:33:38] Port-forwards alive: 0, dead: 7
WARNING: Some port-forwards have died!
Restart the script to re-establish connections.
[05:34:38] Port-forwards alive: 0, dead: 7
WARNING: Some port-forwards have died!
Restart the script to re-establish connections.
[05:35:38] Port-forwards alive: 0, dead: 7
WARNING: Some port-forwards have died!
Restart the script to re-establish connections.
[05:36:38] Port-forwards alive: 0, dead: 7
WARNING: Some port-forwards have died!
Restart the script to re-establish connections.
[05:37:38] Port-forwards alive: 0, dead: 7
WARNING: Some port-forwards have died!
Restart the script to re-establish connections.
[05:38:38] Port-forwards alive: 0, dead: 7
WARNING: Some port-forwards have died!
Restart the script to re-establish connections.
[05:39:38] Port-forwards alive: 0, dead: 7
WARNING: Some port-forwards have died!
Restart the script to re-establish connections.
[05:40:38] Port-forwards alive: 0, dead: 7
WARNING: Some port-forwards have died!
Restart the script to re-establish connections.
[05:41:39] Port-forwards alive: 0, dead: 7
WARNING: Some port-forwards have died!
Restart the script to re-establish connections.
[05:42:39] Port-forwards alive: 0, dead: 7
WARNING: Some port-forwards have died!
Restart the script to re-establish connections.
[05:43:39] Port-forwards alive: 0, dead: 7
WARNING: Some port-forwards have died!
Restart the script to re-establish connections.
[05:44:39] Port-forwards alive: 0, dead: 7
WARNING: Some port-forwards have died!
Restart the script to re-establish connections.
[05:45:39] Port-forwards alive: 0, dead: 7
WARNING: Some port-forwards have died!
Restart the script to re-establish connections.
[05:46:39] Port-forwards alive: 0, dead: 7
WARNING: Some port-forwards have died!
Restart the script to re-establish connections.
[05:47:39] Port-forwards alive: 0, dead: 7
WARNING: Some port-forwards have died!
Restart the script to re-establish connections.
[05:48:39] Port-forwards alive: 0, dead: 7
WARNING: Some port-forwards have died!
Restart the script to re-establish connections.
[05:49:39] Port-forwards alive: 0, dead: 7
WARNING: Some port-forwards have died!
Restart the script to re-establish connections.
[05:50:39] Port-forwards alive: 0, dead: 7
WARNING: Some port-forwards have died!
Restart the script to re-establish connections.
[05:51:39] Port-forwards alive: 0, dead: 7
WARNING: Some port-forwards have died!
Restart the script to re-establish connections.
[05:52:39] Port-forwards alive: 0, dead: 7
WARNING: Some port-forwards have died!
Restart the script to re-establish connections.
[05:53:39] Port-forwards alive: 0, dead: 7
WARNING: Some port-forwards have died!
Restart the script to re-establish connections.
[05:54:39] Port-forwards alive: 0, dead: 7
WARNING: Some port-forwards have died!
Restart the script to re-establish connections.
[05:55:39] Port-forwards alive: 0, dead: 7
WARNING: Some port-forwards have died!
Restart the script to re-establish connections.
[05:56:39] Port-forwards alive: 0, dead: 7
WARNING: Some port-forwards have died!
Restart the script to re-establish connections.
[05:57:39] Port-forwards alive: 0, dead: 7
WARNING: Some port-forwards have died!
Restart the script to re-establish connections.
[05:58:40] Port-forwards alive: 0, dead: 7
WARNING: Some port-forwards have died!
Restart the script to re-establish connections.
[05:59:40] Port-forwards alive: 0, dead: 7
WARNING: Some port-forwards have died!
Restart the script to re-establish connections.
[06:00:40] Port-forwards alive: 0, dead: 7
WARNING: Some port-forwards have died!
Restart the script to re-establish connections.
[06:01:40] Port-forwards alive: 0, dead: 7
WARNING: Some port-forwards have died!
Restart the script to re-establish connections.
[06:02:40] Port-forwards alive: 0, dead: 7
WARNING: Some port-forwards have died!
Restart the script to re-establish connections.
[06:03:40] Port-forwards alive: 0, dead: 7
WARNING: Some port-forwards have died!
Restart the script to re-establish connections.
[06:04:40] Port-forwards alive: 0, dead: 7
WARNING: Some port-forwards have died!
Restart the script to re-establish connections.
[06:05:40] Port-forwards alive: 0, dead: 7
WARNING: Some port-forwards have died!
Restart the script to re-establish connections.
[06:06:40] Port-forwards alive: 0, dead: 7
WARNING: Some port-forwards have died!
Restart the script to re-establish connections.
[06:07:40] Port-forwards alive: 0, dead: 7
WARNING: Some port-forwards have died!
Restart the script to re-establish connections.
[06:08:40] Port-forwards alive: 0, dead: 7
WARNING: Some port-forwards have died!
Restart the script to re-establish connections.
[06:09:40] Port-forwards alive: 0, dead: 7
WARNING: Some port-forwards have died!
Restart the script to re-establish connections.
[06:10:40] Port-forwards alive: 0, dead: 7
WARNING: Some port-forwards have died!
Restart the script to re-establish connections.
[06:11:40] Port-forwards alive: 0, dead: 7
WARNING: Some port-forwards have died!
Restart the script to re-establish connections.
[06:12:40] Port-forwards alive: 0, dead: 7
WARNING: Some port-forwards have died!
Restart the script to re-establish connections.
[06:13:40] Port-forwards alive: 0, dead: 7
WARNING: Some port-forwards have died!
Restart the script to re-establish connections.
[06:14:40] Port-forwards alive: 0, dead: 7
WARNING: Some port-forwards have died!
Restart the script to re-establish connections.
[06:15:40] Port-forwards alive: 0, dead: 7
WARNING: Some port-forwards have died!
Restart the script to re-establish connections.
[06:16:40] Port-forwards alive: 0, dead: 7
WARNING: Some port-forwards have died!
Restart the script to re-establish connections.
[06:17:40] Port-forwards alive: 0, dead: 7
WARNING: Some port-forwards have died!
Restart the script to re-establish connections.
[06:18:41] Port-forwards alive: 0, dead: 7
WARNING: Some port-forwards have died!
Restart the script to re-establish connections.
[06:19:41] Port-forwards alive: 0, dead: 7
WARNING: Some port-forwards have died!
Restart the script to re-establish connections.
[06:20:41] Port-forwards alive: 0, dead: 7
WARNING: Some port-forwards have died!
Restart the script to re-establish connections.
[06:21:41] Port-forwards alive: 0, dead: 7
WARNING: Some port-forwards have died!
Restart the script to re-establish connections.
[06:22:41] Port-forwards alive: 0, dead: 7
WARNING: Some port-forwards have died!
Restart the script to re-establish connections.
[06:23:41] Port-forwards alive: 0, dead: 7
WARNING: Some port-forwards have died!
Restart the script to re-establish connections.
[06:24:41] Port-forwards alive: 0, dead: 7
WARNING: Some port-forwards have died!
Restart the script to re-establish connections.
[06:25:41] Port-forwards alive: 0, dead: 7
WARNING: Some port-forwards have died!
Restart the script to re-establish connections.
[06:26:41] Port-forwards alive: 0, dead: 7
WARNING: Some port-forwards have died!
Restart the script to re-establish connections.
[06:27:41] Port-forwards alive: 0, dead: 7
WARNING: Some port-forwards have died!
Restart the script to re-establish connections.
[06:28:41] Port-forwards alive: 0, dead: 7
WARNING: Some port-forwards have died!
Restart the script to re-establish connections.
[06:29:41] Port-forwards alive: 0, dead: 7
WARNING: Some port-forwards have died!
Restart the script to re-establish connections.
[06:30:41] Port-forwards alive: 0, dead: 7
WARNING: Some port-forwards have died!
Restart the script to re-establish connections.
[06:31:41] Port-forwards alive: 0, dead: 7
WARNING: Some port-forwards have died!
Restart the script to re-establish connections.
[06:32:41] Port-forwards alive: 0, dead: 7
WARNING: Some port-forwards have died!
Restart the script to re-establish connections.
[06:33:41] Port-forwards alive: 0, dead: 7
WARNING: Some port-forwards have died!
Restart the script to re-establish connections.
[06:34:41] Port-forwards alive: 0, dead: 7
WARNING: Some port-forwards have died!
Restart the script to re-establish connections.
[06:35:41] Port-forwards alive: 0, dead: 7
WARNING: Some port-forwards have died!
Restart the script to re-establish connections.
[06:36:41] Port-forwards alive: 0, dead: 7
WARNING: Some port-forwards have died!
Restart the script to re-establish connections.
[06:37:41] Port-forwards alive: 0, dead: 7
WARNING: Some port-forwards have died!
Restart the script to re-establish connections.
[06:38:42] Port-forwards alive: 0, dead: 7
WARNING: Some port-forwards have died!
Restart the script to re-establish connections.
[06:39:42] Port-forwards alive: 0, dead: 7
WARNING: Some port-forwards have died!
Restart the script to re-establish connections.
[06:40:42] Port-forwards alive: 0, dead: 7
WARNING: Some port-forwards have died!
Restart the script to re-establish connections.
[06:41:42] Port-forwards alive: 0, dead: 7
WARNING: Some port-forwards have died!
Restart the script to re-establish connections.
[06:42:42] Port-forwards alive: 0, dead: 7
WARNING: Some port-forwards have died!
Restart the script to re-establish connections.
[06:43:42] Port-forwards alive: 0, dead: 7
WARNING: Some port-forwards have died!
Restart the script to re-establish connections.
[06:44:42] Port-forwards alive: 0, dead: 7
WARNING: Some port-forwards have died!
Restart the script to re-establish connections.
[06:45:42] Port-forwards alive: 0, dead: 7
WARNING: Some port-forwards have died!
Restart the script to re-establish connections.
[06:46:42] Port-forwards alive: 0, dead: 7
WARNING: Some port-forwards have died!
Restart the script to re-establish connections.
[06:47:42] Port-forwards alive: 0, dead: 7
WARNING: Some port-forwards have died!
Restart the script to re-establish connections.
[06:48:42] Port-forwards alive: 0, dead: 7
WARNING: Some port-forwards have died!
Restart the script to re-establish connections.
[06:49:42] Port-forwards alive: 0, dead: 7
WARNING: Some port-forwards have died!
Restart the script to re-establish connections.
[06:50:42] Port-forwards alive: 0, dead: 7
WARNING: Some port-forwards have died!
Restart the script to re-establish connections.
[06:51:42] Port-forwards alive: 0, dead: 7
WARNING: Some port-forwards have died!
Restart the script to re-establish connections.
[06:52:42] Port-forwards alive: 0, dead: 7
WARNING: Some port-forwards have died!
Restart the script to re-establish connections.
[06:53:42] Port-forwards alive: 0, dead: 7
WARNING: Some port-forwards have died!
Restart the script to re-establish connections.
[06:54:42] Port-forwards alive: 0, dead: 7
WARNING: Some port-forwards have died!
Restart the script to re-establish connections.
[06:55:42] Port-forwards alive: 0, dead: 7
WARNING: Some port-forwards have died!
Restart the script to re-establish connections.
[06:56:42] Port-forwards alive: 0, dead: 7
WARNING: Some port-forwards have died!
Restart the script to re-establish connections.
[06:57:43] Port-forwards alive: 0, dead: 7
WARNING: Some port-forwards have died!
Restart the script to re-establish connections.
[06:58:43] Port-forwards alive: 0, dead: 7
WARNING: Some port-forwards have died!
Restart the script to re-establish connections.
[06:59:43] Port-forwards alive: 0, dead: 7
WARNING: Some port-forwards have died!
Restart the script to re-establish connections.
[07:00:43] Port-forwards alive: 0, dead: 7
WARNING: Some port-forwards have died!
Restart the script to re-establish connections.
[07:01:43] Port-forwards alive: 0, dead: 7
WARNING: Some port-forwards have died!
Restart the script to re-establish connections.
[07:02:43] Port-forwards alive: 0, dead: 7
WARNING: Some port-forwards have died!
Restart the script to re-establish connections.
[07:03:43] Port-forwards alive: 0, dead: 7
WARNING: Some port-forwards have died!
Restart the script to re-establish connections.
[07:04:43] Port-forwards alive: 0, dead: 7
WARNING: Some port-forwards have died!
Restart the script to re-establish connections.
[07:05:43] Port-forwards alive: 0, dead: 7
WARNING: Some port-forwards have died!
Restart the script to re-establish connections.
[07:06:43] Port-forwards alive: 0, dead: 7
WARNING: Some port-forwards have died!
Restart the script to re-establish connections.
[07:07:43] Port-forwards alive: 0, dead: 7
WARNING: Some port-forwards have died!
Restart the script to re-establish connections.
[07:08:43] Port-forwards alive: 0, dead: 7
WARNING: Some port-forwards have died!
Restart the script to re-establish connections.
[07:09:43] Port-forwards alive: 0, dead: 7
WARNING: Some port-forwards have died!
Restart the script to re-establish connections.
[07:10:43] Port-forwards alive: 0, dead: 7
WARNING: Some port-forwards have died!
Restart the script to re-establish connections.
[07:11:43] Port-forwards alive: 0, dead: 7
WARNING: Some port-forwards have died!
Restart the script to re-establish connections.
[07:12:43] Port-forwards alive: 0, dead: 7
WARNING: Some port-forwards have died!
Restart the script to re-establish connections.
[07:13:43] Port-forwards alive: 0, dead: 7
WARNING: Some port-forwards have died!
Restart the script to re-establish connections.
[07:14:43] Port-forwards alive: 0, dead: 7
WARNING: Some port-forwards have died!
Restart the script to re-establish connections.
[07:15:43] Port-forwards alive: 0, dead: 7
WARNING: Some port-forwards have died!
Restart the script to re-establish connections.
[07:16:44] Port-forwards alive: 0, dead: 7
WARNING: Some port-forwards have died!
Restart the script to re-establish connections.
[07:17:44] Port-forwards alive: 0, dead: 7
WARNING: Some port-forwards have died!
Restart the script to re-establish connections.
[07:18:44] Port-forwards alive: 0, dead: 7
WARNING: Some port-forwards have died!
Restart the script to re-establish connections.
[07:19:44] Port-forwards alive: 0, dead: 7
WARNING: Some port-forwards have died!
Restart the script to re-establish connections.
[07:20:44] Port-forwards alive: 0, dead: 7
WARNING: Some port-forwards have died!
Restart the script to re-establish connections.
[07:21:44] Port-forwards alive: 0, dead: 7
WARNING: Some port-forwards have died!
Restart the script to re-establish connections.
[07:22:44] Port-forwards alive: 0, dead: 7
WARNING: Some port-forwards have died!
Restart the script to re-establish connections.
[07:23:44] Port-forwards alive: 0, dead: 7
WARNING: Some port-forwards have died!
Restart the script to re-establish connections.
[07:24:44] Port-forwards alive: 0, dead: 7
WARNING: Some port-forwards have died!
Restart the script to re-establish connections.
[07:25:44] Port-forwards alive: 0, dead: 7
WARNING: Some port-forwards have died!
Restart the script to re-establish connections.
[07:26:44] Port-forwards alive: 0, dead: 7
WARNING: Some port-forwards have died!
Restart the script to re-establish connections.
[07:27:44] Port-forwards alive: 0, dead: 7
WARNING: Some port-forwards have died!
Restart the script to re-establish connections.
[07:28:44] Port-forwards alive: 0, dead: 7
WARNING: Some port-forwards have died!
Restart the script to re-establish connections.
[07:29:44] Port-forwards alive: 0, dead: 7
WARNING: Some port-forwards have died!
Restart the script to re-establish connections.
[07:30:44] Port-forwards alive: 0, dead: 7
WARNING: Some port-forwards have died!
Restart the script to re-establish connections.
[07:31:44] Port-forwards alive: 0, dead: 7
WARNING: Some port-forwards have died!
Restart the script to re-establish connections.
[07:32:44] Port-forwards alive: 0, dead: 7
WARNING: Some port-forwards have died!
Restart the script to re-establish connections.
[07:33:44] Port-forwards alive: 0, dead: 7
WARNING: Some port-forwards have died!
Restart the script to re-establish connections.
[07:34:44] Port-forwards alive: 0, dead: 7
WARNING: Some port-forwards have died!
Restart the script to re-establish connections.
[07:35:45] Port-forwards alive: 0, dead: 7
WARNING: Some port-forwards have died!
Restart the script to re-establish connections.
[07:36:45] Port-forwards alive: 0, dead: 7
WARNING: Some port-forwards have died!
Restart the script to re-establish connections.
[07:37:45] Port-forwards alive: 0, dead: 7
WARNING: Some port-forwards have died!
Restart the script to re-establish connections.
[07:38:45] Port-forwards alive: 0, dead: 7
WARNING: Some port-forwards have died!
Restart the script to re-establish connections.
[07:39:45] Port-forwards alive: 0, dead: 7
WARNING: Some port-forwards have died!
Restart the script to re-establish connections.
[07:40:45] Port-forwards alive: 0, dead: 7
WARNING: Some port-forwards have died!
Restart the script to re-establish connections.
[07:41:45] Port-forwards alive: 0, dead: 7
WARNING: Some port-forwards have died!
Restart the script to re-establish connections.
[07:42:45] Port-forwards alive: 0, dead: 7
WARNING: Some port-forwards have died!
Restart the script to re-establish connections.
[07:43:45] Port-forwards alive: 0, dead: 7
WARNING: Some port-forwards have died!
Restart the script to re-establish connections.
[07:44:45] Port-forwards alive: 0, dead: 7
WARNING: Some port-forwards have died!
Restart the script to re-establish connections.
[07:45:45] Port-forwards alive: 0, dead: 7
WARNING: Some port-forwards have died!
Restart the script to re-establish connections.
[07:46:45] Port-forwards alive: 0, dead: 7
WARNING: Some port-forwards have died!
Restart the script to re-establish connections.
[07:47:45] Port-forwards alive: 0, dead: 7
WARNING: Some port-forwards have died!
Restart the script to re-establish connections.
[07:48:45] Port-forwards alive: 0, dead: 7
WARNING: Some port-forwards have died!
Restart the script to re-establish connections.
[07:49:45] Port-forwards alive: 0, dead: 7
WARNING: Some port-forwards have died!
Restart the script to re-establish connections.
[07:50:45] Port-forwards alive: 0, dead: 7
WARNING: Some port-forwards have died!
Restart the script to re-establish connections.
[07:51:45] Port-forwards alive: 0, dead: 7
WARNING: Some port-forwards have died!
Restart the script to re-establish connections.
[07:52:45] Port-forwards alive: 0, dead: 7
WARNING: Some port-forwards have died!
Restart the script to re-establish connections.
[07:53:46] Port-forwards alive: 0, dead: 7
WARNING: Some port-forwards have died!
Restart the script to re-establish connections.
[07:54:46] Port-forwards alive: 0, dead: 7
WARNING: Some port-forwards have died!
Restart the script to re-establish connections.
[07:55:46] Port-forwards alive: 0, dead: 7
WARNING: Some port-forwards have died!
Restart the script to re-establish connections.
[07:56:46] Port-forwards alive: 0, dead: 7
WARNING: Some port-forwards have died!
Restart the script to re-establish connections.
[07:57:46] Port-forwards alive: 0, dead: 7
WARNING: Some port-forwards have died!
Restart the script to re-establish connections.
[07:58:46] Port-forwards alive: 0, dead: 7
WARNING: Some port-forwards have died!
Restart the script to re-establish connections.
[07:59:46] Port-forwards alive: 0, dead: 7
WARNING: Some port-forwards have died!
Restart the script to re-establish connections.
[08:00:46] Port-forwards alive: 0, dead: 7
WARNING: Some port-forwards have died!
Restart the script to re-establish connections.
[08:01:46] Port-forwards alive: 0, dead: 7
WARNING: Some port-forwards have died!
Restart the script to re-establish connections.
[08:02:46] Port-forwards alive: 0, dead: 7
WARNING: Some port-forwards have died!
Restart the script to re-establish connections.
[08:03:46] Port-forwards alive: 0, dead: 7
WARNING: Some port-forwards have died!
Restart the script to re-establish connections.
[08:04:46] Port-forwards alive: 0, dead: 7
WARNING: Some port-forwards have died!
Restart the script to re-establish connections.
[08:05:46] Port-forwards alive: 0, dead: 7
WARNING: Some port-forwards have died!
Restart the script to re-establish connections.
[08:06:46] Port-forwards alive: 0, dead: 7
WARNING: Some port-forwards have died!
Restart the script to re-establish connections.
[08:07:46] Port-forwards alive: 0, dead: 7
WARNING: Some port-forwards have died!
Restart the script to re-establish connections.
[08:08:46] Port-forwards alive: 0, dead: 7
WARNING: Some port-forwards have died!
Restart the script to re-establish connections.
[08:09:46] Port-forwards alive: 0, dead: 7
WARNING: Some port-forwards have died!
Restart the script to re-establish connections.
[08:10:46] Port-forwards alive: 0, dead: 7
WARNING: Some port-forwards have died!
Restart the script to re-establish connections.
[08:11:47] Port-forwards alive: 0, dead: 7
WARNING: Some port-forwards have died!
Restart the script to re-establish connections.
[08:12:47] Port-forwards alive: 0, dead: 7
WARNING: Some port-forwards have died!
Restart the script to re-establish connections.
[08:13:47] Port-forwards alive: 0, dead: 7
WARNING: Some port-forwards have died!
Restart the script to re-establish connections.
[08:14:47] Port-forwards alive: 0, dead: 7
WARNING: Some port-forwards have died!
Restart the script to re-establish connections.
[08:15:47] Port-forwards alive: 0, dead: 7
WARNING: Some port-forwards have died!
Restart the script to re-establish connections.
[08:16:47] Port-forwards alive: 0, dead: 7
WARNING: Some port-forwards have died!
Restart the script to re-establish connections.
[08:17:47] Port-forwards alive: 0, dead: 7
WARNING: Some port-forwards have died!
Restart the script to re-establish connections.
[08:18:47] Port-forwards alive: 0, dead: 7
WARNING: Some port-forwards have died!
Restart the script to re-establish connections.
[08:19:47] Port-forwards alive: 0, dead: 7
WARNING: Some port-forwards have died!
Restart the script to re-establish connections.
[08:20:47] Port-forwards alive: 0, dead: 7
WARNING: Some port-forwards have died!
Restart the script to re-establish connections.
[08:21:47] Port-forwards alive: 0, dead: 7
WARNING: Some port-forwards have died!
Restart the script to re-establish connections.
[08:22:47] Port-forwards alive: 0, dead: 7
WARNING: Some port-forwards have died!
Restart the script to re-establish connections.
[08:23:47] Port-forwards alive: 0, dead: 7
WARNING: Some port-forwards have died!
Restart the script to re-establish connections.
[08:24:47] Port-forwards alive: 0, dead: 7
WARNING: Some port-forwards have died!
Restart the script to re-establish connections.
[08:25:47] Port-forwards alive: 0, dead: 7
WARNING: Some port-forwards have died!
Restart the script to re-establish connections.
[08:26:47] Port-forwards alive: 0, dead: 7
WARNING: Some port-forwards have died!
Restart the script to re-establish connections.
[08:27:47] Port-forwards alive: 0, dead: 7
WARNING: Some port-forwards have died!
Restart the script to re-establish connections.
[08:28:47] Port-forwards alive: 0, dead: 7
WARNING: Some port-forwards have died!
Restart the script to re-establish connections.
[08:29:47] Port-forwards alive: 0, dead: 7
WARNING: Some port-forwards have died!
Restart the script to re-establish connections.
[08:30:48] Port-forwards alive: 0, dead: 7
WARNING: Some port-forwards have died!
Restart the script to re-establish connections.
[08:31:48] Port-forwards alive: 0, dead: 7
WARNING: Some port-forwards have died!
Restart the script to re-establish connections.
[08:32:48] Port-forwards alive: 0, dead: 7
WARNING: Some port-forwards have died!
Restart the script to re-establish connections.
[08:33:48] Port-forwards alive: 0, dead: 7
WARNING: Some port-forwards have died!
Restart the script to re-establish connections.
[08:34:48] Port-forwards alive: 0, dead: 7
WARNING: Some port-forwards have died!
Restart the script to re-establish connections.
[08:35:48] Port-forwards alive: 0, dead: 7
WARNING: Some port-forwards have died!
Restart the script to re-establish connections.
[08:36:48] Port-forwards alive: 0, dead: 7
WARNING: Some port-forwards have died!
Restart the script to re-establish connections.
[08:37:48] Port-forwards alive: 0, dead: 7
WARNING: Some port-forwards have died!
Restart the script to re-establish connections.
[08:38:48] Port-forwards alive: 0, dead: 7
WARNING: Some port-forwards have died!
Restart the script to re-establish connections.
[08:39:48] Port-forwards alive: 0, dead: 7
WARNING: Some port-forwards have died!
Restart the script to re-establish connections.
[08:40:48] Port-forwards alive: 0, dead: 7
WARNING: Some port-forwards have died!
Restart the script to re-establish connections.
[08:41:48] Port-forwards alive: 0, dead: 7
WARNING: Some port-forwards have died!
Restart the script to re-establish connections.
[08:42:48] Port-forwards alive: 0, dead: 7
WARNING: Some port-forwards have died!
Restart the script to re-establish connections.
[08:43:48] Port-forwards alive: 0, dead: 7
WARNING: Some port-forwards have died!
Restart the script to re-establish connections.
[08:44:48] Port-forwards alive: 0, dead: 7
WARNING: Some port-forwards have died!
Restart the script to re-establish connections.
[08:45:48] Port-forwards alive: 0, dead: 7
WARNING: Some port-forwards have died!
Restart the script to re-establish connections.
[08:46:48] Port-forwards alive: 0, dead: 7
WARNING: Some port-forwards have died!
Restart the script to re-establish connections.
[08:47:48] Port-forwards alive: 0, dead: 7
WARNING: Some port-forwards have died!
Restart the script to re-establish connections.
[08:48:48] Port-forwards alive: 0, dead: 7
WARNING: Some port-forwards have died!
Restart the script to re-establish connections.
[08:49:48] Port-forwards alive: 0, dead: 7
WARNING: Some port-forwards have died!
Restart the script to re-establish connections.
[08:50:48] Port-forwards alive: 0, dead: 7
WARNING: Some port-forwards have died!
Restart the script to re-establish connections.
[08:51:49] Port-forwards alive: 0, dead: 7
WARNING: Some port-forwards have died!
Restart the script to re-establish connections.
[08:52:49] Port-forwards alive: 0, dead: 7
WARNING: Some port-forwards have died!
Restart the script to re-establish connections.
[08:53:49] Port-forwards alive: 0, dead: 7
WARNING: Some port-forwards have died!
Restart the script to re-establish connections.
[08:54:49] Port-forwards alive: 0, dead: 7
WARNING: Some port-forwards have died!
Restart the script to re-establish connections.
[08:55:49] Port-forwards alive: 0, dead: 7
WARNING: Some port-forwards have died!
Restart the script to re-establish connections.
[08:56:49] Port-forwards alive: 0, dead: 7
WARNING: Some port-forwards have died!
Restart the script to re-establish connections.
[08:57:49] Port-forwards alive: 0, dead: 7
WARNING: Some port-forwards have died!
Restart the script to re-establish connections.
[08:58:49] Port-forwards alive: 0, dead: 7
WARNING: Some port-forwards have died!
Restart the script to re-establish connections.
[08:59:49] Port-forwards alive: 0, dead: 7
WARNING: Some port-forwards have died!
Restart the script to re-establish connections.
[09:00:49] Port-forwards alive: 0, dead: 7
WARNING: Some port-forwards have died!
Restart the script to re-establish connections.
[09:01:49] Port-forwards alive: 0, dead: 7
WARNING: Some port-forwards have died!
Restart the script to re-establish connections.
[09:02:49] Port-forwards alive: 0, dead: 7
WARNING: Some port-forwards have died!
Restart the script to re-establish connections.
[09:03:49] Port-forwards alive: 0, dead: 7
WARNING: Some port-forwards have died!
Restart the script to re-establish connections.
[09:04:49] Port-forwards alive: 0, dead: 7
WARNING: Some port-forwards have died!
Restart the script to re-establish connections.
[09:05:49] Port-forwards alive: 0, dead: 7
WARNING: Some port-forwards have died!
Restart the script to re-establish connections.
[09:06:49] Port-forwards alive: 0, dead: 7
WARNING: Some port-forwards have died!
Restart the script to re-establish connections.
[09:07:49] Port-forwards alive: 0, dead: 7
WARNING: Some port-forwards have died!
Restart the script to re-establish connections.
[09:08:49] Port-forwards alive: 0, dead: 7
WARNING: Some port-forwards have died!
Restart the script to re-establish connections.
[09:09:49] Port-forwards alive: 0, dead: 7
WARNING: Some port-forwards have died!
Restart the script to re-establish connections.
[09:10:50] Port-forwards alive: 0, dead: 7
WARNING: Some port-forwards have died!
Restart the script to re-establish connections.
[09:11:50] Port-forwards alive: 0, dead: 7
WARNING: Some port-forwards have died!
Restart the script to re-establish connections.
[09:12:50] Port-forwards alive: 0, dead: 7
WARNING: Some port-forwards have died!
Restart the script to re-establish connections.
[09:13:50] Port-forwards alive: 0, dead: 7
WARNING: Some port-forwards have died!
Restart the script to re-establish connections.
[09:14:50] Port-forwards alive: 0, dead: 7
WARNING: Some port-forwards have died!
Restart the script to re-establish connections.
[09:15:50] Port-forwards alive: 0, dead: 7
WARNING: Some port-forwards have died!
Restart the script to re-establish connections.
[09:16:50] Port-forwards alive: 0, dead: 7
WARNING: Some port-forwards have died!
Restart the script to re-establish connections.
[09:17:50] Port-forwards alive: 0, dead: 7
WARNING: Some port-forwards have died!
Restart the script to re-establish connections.
[09:18:50] Port-forwards alive: 0, dead: 7
WARNING: Some port-forwards have died!
Restart the script to re-establish connections.
[09:19:50] Port-forwards alive: 0, dead: 7
WARNING: Some port-forwards have died!
Restart the script to re-establish connections.
[09:20:50] Port-forwards alive: 0, dead: 7
WARNING: Some port-forwards have died!
Restart the script to re-establish connections.
[09:21:50] Port-forwards alive: 0, dead: 7
WARNING: Some port-forwards have died!
Restart the script to re-establish connections.
[09:22:50] Port-forwards alive: 0, dead: 7
WARNING: Some port-forwards have died!
Restart the script to re-establish connections.
[09:23:50] Port-forwards alive: 0, dead: 7
WARNING: Some port-forwards have died!
Restart the script to re-establish connections.
[09:24:50] Port-forwards alive: 0, dead: 7
WARNING: Some port-forwards have died!
Restart the script to re-establish connections.
[09:25:50] Port-forwards alive: 0, dead: 7
WARNING: Some port-forwards have died!
Restart the script to re-establish connections.
[09:26:50] Port-forwards alive: 0, dead: 7
WARNING: Some port-forwards have died!
Restart the script to re-establish connections.
[09:27:50] Port-forwards alive: 0, dead: 7
WARNING: Some port-forwards have died!
Restart the script to re-establish connections.
[09:28:50] Port-forwards alive: 0, dead: 7
WARNING: Some port-forwards have died!
Restart the script to re-establish connections.
[09:29:50] Port-forwards alive: 0, dead: 7
WARNING: Some port-forwards have died!
Restart the script to re-establish connections.
[09:30:50] Port-forwards alive: 0, dead: 7
WARNING: Some port-forwards have died!
Restart the script to re-establish connections.
[09:31:51] Port-forwards alive: 0, dead: 7
WARNING: Some port-forwards have died!
Restart the script to re-establish connections.
[09:32:51] Port-forwards alive: 0, dead: 7
WARNING: Some port-forwards have died!
Restart the script to re-establish connections.
[09:33:51] Port-forwards alive: 0, dead: 7
WARNING: Some port-forwards have died!
Restart the script to re-establish connections.
[09:34:51] Port-forwards alive: 0, dead: 7
WARNING: Some port-forwards have died!
Restart the script to re-establish connections.
[09:35:51] Port-forwards alive: 0, dead: 7
WARNING: Some port-forwards have died!
Restart the script to re-establish connections.
[09:36:51] Port-forwards alive: 0, dead: 7
WARNING: Some port-forwards have died!
Restart the script to re-establish connections.
[09:37:51] Port-forwards alive: 0, dead: 7
WARNING: Some port-forwards have died!
Restart the script to re-establish connections.
[09:38:51] Port-forwards alive: 0, dead: 7
WARNING: Some port-forwards have died!
Restart the script to re-establish connections.
[09:39:51] Port-forwards alive: 0, dead: 7
WARNING: Some port-forwards have died!
Restart the script to re-establish connections.
[09:40:51] Port-forwards alive: 0, dead: 7
WARNING: Some port-forwards have died!
Restart the script to re-establish connections.
[09:41:51] Port-forwards alive: 0, dead: 7
WARNING: Some port-forwards have died!
Restart the script to re-establish connections.
[09:42:51] Port-forwards alive: 0, dead: 7
WARNING: Some port-forwards have died!
Restart the script to re-establish connections.
[09:43:51] Port-forwards alive: 0, dead: 7
WARNING: Some port-forwards have died!
Restart the script to re-establish connections.
[09:44:51] Port-forwards alive: 0, dead: 7
WARNING: Some port-forwards have died!
Restart the script to re-establish connections.
[09:45:51] Port-forwards alive: 0, dead: 7
WARNING: Some port-forwards have died!
Restart the script to re-establish connections.
[09:46:51] Port-forwards alive: 0, dead: 7
WARNING: Some port-forwards have died!
Restart the script to re-establish connections.
[09:47:51] Port-forwards alive: 0, dead: 7
WARNING: Some port-forwards have died!
Restart the script to re-establish connections.
[09:48:51] Port-forwards alive: 0, dead: 7
WARNING: Some port-forwards have died!
Restart the script to re-establish connections.
[09:49:51] Port-forwards alive: 0, dead: 7
WARNING: Some port-forwards have died!
Restart the script to re-establish connections.
[09:50:51] Port-forwards alive: 0, dead: 7
WARNING: Some port-forwards have died!
Restart the script to re-establish connections.
[09:51:51] Port-forwards alive: 0, dead: 7
WARNING: Some port-forwards have died!
Restart the script to re-establish connections.
[09:52:51] Port-forwards alive: 0, dead: 7
WARNING: Some port-forwards have died!
Restart the script to re-establish connections.
[09:53:52] Port-forwards alive: 0, dead: 7
WARNING: Some port-forwards have died!
Restart the script to re-establish connections.
[09:54:52] Port-forwards alive: 0, dead: 7
WARNING: Some port-forwards have died!
Restart the script to re-establish connections.
[09:55:52] Port-forwards alive: 0, dead: 7
WARNING: Some port-forwards have died!
Restart the script to re-establish connections.
[09:56:52] Port-forwards alive: 0, dead: 7
WARNING: Some port-forwards have died!
Restart the script to re-establish connections.
[09:57:52] Port-forwards alive: 0, dead: 7
WARNING: Some port-forwards have died!
Restart the script to re-establish connections.
[09:58:52] Port-forwards alive: 0, dead: 7
WARNING: Some port-forwards have died!
Restart the script to re-establish connections.
[09:59:52] Port-forwards alive: 0, dead: 7
WARNING: Some port-forwards have died!
Restart the script to re-establish connections.
[10:00:52] Port-forwards alive: 0, dead: 7
WARNING: Some port-forwards have died!
Restart the script to re-establish connections.
[10:01:52] Port-forwards alive: 0, dead: 7
WARNING: Some port-forwards have died!
Restart the script to re-establish connections.
[10:02:52] Port-forwards alive: 0, dead: 7
WARNING: Some port-forwards have died!
Restart the script to re-establish connections.
[10:03:52] Port-forwards alive: 0, dead: 7
WARNING: Some port-forwards have died!
Restart the script to re-establish connections.
[10:04:52] Port-forwards alive: 0, dead: 7
WARNING: Some port-forwards have died!
Restart the script to re-establish connections.
[10:05:52] Port-forwards alive: 0, dead: 7
WARNING: Some port-forwards have died!
Restart the script to re-establish connections.
[10:06:52] Port-forwards alive: 0, dead: 7
WARNING: Some port-forwards have died!
Restart the script to re-establish connections.
[10:07:52] Port-forwards alive: 0, dead: 7
WARNING: Some port-forwards have died!
Restart the script to re-establish connections.
[10:08:52] Port-forwards alive: 0, dead: 7
WARNING: Some port-forwards have died!
Restart the script to re-establish connections.
[10:09:52] Port-forwards alive: 0, dead: 7
WARNING: Some port-forwards have died!
Restart the script to re-establish connections.
[10:10:52] Port-forwards alive: 0, dead: 7
WARNING: Some port-forwards have died!
Restart the script to re-establish connections.
[10:11:52] Port-forwards alive: 0, dead: 7
WARNING: Some port-forwards have died!
Restart the script to re-establish connections.
[10:12:52] Port-forwards alive: 0, dead: 7
WARNING: Some port-forwards have died!
Restart the script to re-establish connections.
[10:13:53] Port-forwards alive: 0, dead: 7
WARNING: Some port-forwards have died!
Restart the script to re-establish connections.
[10:14:53] Port-forwards alive: 0, dead: 7
WARNING: Some port-forwards have died!
Restart the script to re-establish connections.
[10:15:53] Port-forwards alive: 0, dead: 7
WARNING: Some port-forwards have died!
Restart the script to re-establish connections.
[10:16:53] Port-forwards alive: 0, dead: 7
WARNING: Some port-forwards have died!
Restart the script to re-establish connections.
[10:17:53] Port-forwards alive: 0, dead: 7
WARNING: Some port-forwards have died!
Restart the script to re-establish connections.
[10:18:53] Port-forwards alive: 0, dead: 7
WARNING: Some port-forwards have died!
Restart the script to re-establish connections.
[10:19:53] Port-forwards alive: 0, dead: 7
WARNING: Some port-forwards have died!
Restart the script to re-establish connections.
[10:20:53] Port-forwards alive: 0, dead: 7
WARNING: Some port-forwards have died!
Restart the script to re-establish connections.
[10:21:53] Port-forwards alive: 0, dead: 7
WARNING: Some port-forwards have died!
Restart the script to re-establish connections.
[10:22:53] Port-forwards alive: 0, dead: 7
WARNING: Some port-forwards have died!
Restart the script to re-establish connections.
[10:23:53] Port-forwards alive: 0, dead: 7
WARNING: Some port-forwards have died!
Restart the script to re-establish connections.
[10:24:53] Port-forwards alive: 0, dead: 7
WARNING: Some port-forwards have died!
Restart the script to re-establish connections.
[10:25:53] Port-forwards alive: 0, dead: 7
WARNING: Some port-forwards have died!
Restart the script to re-establish connections.
[10:26:53] Port-forwards alive: 0, dead: 7
WARNING: Some port-forwards have died!
Restart the script to re-establish connections.
[10:27:53] Port-forwards alive: 0, dead: 7
WARNING: Some port-forwards have died!
Restart the script to re-establish connections.
[10:28:53] Port-forwards alive: 0, dead: 7
WARNING: Some port-forwards have died!
Restart the script to re-establish connections.
[10:29:53] Port-forwards alive: 0, dead: 7
WARNING: Some port-forwards have died!
Restart the script to re-establish connections.
[10:30:53] Port-forwards alive: 0, dead: 7
WARNING: Some port-forwards have died!
Restart the script to re-establish connections.
[10:31:54] Port-forwards alive: 0, dead: 7
WARNING: Some port-forwards have died!
Restart the script to re-establish connections.
[10:32:54] Port-forwards alive: 0, dead: 7
WARNING: Some port-forwards have died!
Restart the script to re-establish connections.
[10:33:54] Port-forwards alive: 0, dead: 7
WARNING: Some port-forwards have died!
Restart the script to re-establish connections.
[10:34:54] Port-forwards alive: 0, dead: 7
WARNING: Some port-forwards have died!
Restart the script to re-establish connections.
[10:35:54] Port-forwards alive: 0, dead: 7
WARNING: Some port-forwards have died!
Restart the script to re-establish connections.
[10:36:54] Port-forwards alive: 0, dead: 7
WARNING: Some port-forwards have died!
Restart the script to re-establish connections.
[10:37:54] Port-forwards alive: 0, dead: 7
WARNING: Some port-forwards have died!
Restart the script to re-establish connections.
[10:38:54] Port-forwards alive: 0, dead: 7
WARNING: Some port-forwards have died!
Restart the script to re-establish connections.
[10:39:54] Port-forwards alive: 0, dead: 7
WARNING: Some port-forwards have died!
Restart the script to re-establish connections.
[10:40:54] Port-forwards alive: 0, dead: 7
WARNING: Some port-forwards have died!
Restart the script to re-establish connections.
[10:41:54] Port-forwards alive: 0, dead: 7
WARNING: Some port-forwards have died!
Restart the script to re-establish connections.
[10:42:54] Port-forwards alive: 0, dead: 7
WARNING: Some port-forwards have died!
Restart the script to re-establish connections.
[10:43:54] Port-forwards alive: 0, dead: 7
WARNING: Some port-forwards have died!
Restart the script to re-establish connections.
[10:44:54] Port-forwards alive: 0, dead: 7
WARNING: Some port-forwards have died!
Restart the script to re-establish connections.
[10:45:54] Port-forwards alive: 0, dead: 7
WARNING: Some port-forwards have died!
Restart the script to re-establish connections.
[10:46:54] Port-forwards alive: 0, dead: 7
WARNING: Some port-forwards have died!
Restart the script to re-establish connections.
[10:47:54] Port-forwards alive: 0, dead: 7
WARNING: Some port-forwards have died!
Restart the script to re-establish connections.
[10:48:54] Port-forwards alive: 0, dead: 7
WARNING: Some port-forwards have died!
Restart the script to re-establish connections.
[10:49:54] Port-forwards alive: 0, dead: 7
WARNING: Some port-forwards have died!
Restart the script to re-establish connections.
[10:50:54] Port-forwards alive: 0, dead: 7
WARNING: Some port-forwards have died!
Restart the script to re-establish connections.
[10:51:54] Port-forwards alive: 0, dead: 7
WARNING: Some port-forwards have died!
Restart the script to re-establish connections.
[10:52:55] Port-forwards alive: 0, dead: 7
WARNING: Some port-forwards have died!
Restart the script to re-establish connections.
[10:53:55] Port-forwards alive: 0, dead: 7
WARNING: Some port-forwards have died!
Restart the script to re-establish connections.
[10:54:55] Port-forwards alive: 0, dead: 7
WARNING: Some port-forwards have died!
Restart the script to re-establish connections.
[10:55:55] Port-forwards alive: 0, dead: 7
WARNING: Some port-forwards have died!
Restart the script to re-establish connections.
[10:56:55] Port-forwards alive: 0, dead: 7
WARNING: Some port-forwards have died!
Restart the script to re-establish connections.
[10:57:55] Port-forwards alive: 0, dead: 7
WARNING: Some port-forwards have died!
Restart the script to re-establish connections.
[10:58:55] Port-forwards alive: 0, dead: 7
WARNING: Some port-forwards have died!
Restart the script to re-establish connections.
[10:59:55] Port-forwards alive: 0, dead: 7
WARNING: Some port-forwards have died!
Restart the script to re-establish connections.
[11:00:55] Port-forwards alive: 0, dead: 7
WARNING: Some port-forwards have died!
Restart the script to re-establish connections.
[11:01:55] Port-forwards alive: 0, dead: 7
WARNING: Some port-forwards have died!
Restart the script to re-establish connections.
[11:02:55] Port-forwards alive: 0, dead: 7
WARNING: Some port-forwards have died!
Restart the script to re-establish connections.
[11:03:55] Port-forwards alive: 0, dead: 7
WARNING: Some port-forwards have died!
Restart the script to re-establish connections.
[11:04:55] Port-forwards alive: 0, dead: 7
WARNING: Some port-forwards have died!
Restart the script to re-establish connections.
[11:05:55] Port-forwards alive: 0, dead: 7
WARNING: Some port-forwards have died!
Restart the script to re-establish connections.
[11:06:55] Port-forwards alive: 0, dead: 7
WARNING: Some port-forwards have died!
Restart the script to re-establish connections.
[11:07:55] Port-forwards alive: 0, dead: 7
WARNING: Some port-forwards have died!
Restart the script to re-establish connections.
[11:08:55] Port-forwards alive: 0, dead: 7
WARNING: Some port-forwards have died!
Restart the script to re-establish connections.
[11:09:55] Port-forwards alive: 0, dead: 7
WARNING: Some port-forwards have died!
Restart the script to re-establish connections.
[11:10:55] Port-forwards alive: 0, dead: 7
WARNING: Some port-forwards have died!
Restart the script to re-establish connections.
[11:11:55] Port-forwards alive: 0, dead: 7
WARNING: Some port-forwards have died!
Restart the script to re-establish connections.
[11:12:55] Port-forwards alive: 0, dead: 7
WARNING: Some port-forwards have died!
Restart the script to re-establish connections.
[11:13:55] Port-forwards alive: 0, dead: 7
WARNING: Some port-forwards have died!
Restart the script to re-establish connections.
[11:14:56] Port-forwards alive: 0, dead: 7
WARNING: Some port-forwards have died!
Restart the script to re-establish connections.
[11:15:56] Port-forwards alive: 0, dead: 7
WARNING: Some port-forwards have died!
Restart the script to re-establish connections.
[11:16:56] Port-forwards alive: 0, dead: 7
WARNING: Some port-forwards have died!
Restart the script to re-establish connections.
[11:17:56] Port-forwards alive: 0, dead: 7
WARNING: Some port-forwards have died!
Restart the script to re-establish connections.
[11:18:56] Port-forwards alive: 0, dead: 7
WARNING: Some port-forwards have died!
Restart the script to re-establish connections.
[11:19:56] Port-forwards alive: 0, dead: 7
WARNING: Some port-forwards have died!
Restart the script to re-establish connections.
[11:20:56] Port-forwards alive: 0, dead: 7
WARNING: Some port-forwards have died!
Restart the script to re-establish connections.
[11:21:56] Port-forwards alive: 0, dead: 7
WARNING: Some port-forwards have died!
Restart the script to re-establish connections.
[11:22:56] Port-forwards alive: 0, dead: 7
WARNING: Some port-forwards have died!
Restart the script to re-establish connections.
[11:23:56] Port-forwards alive: 0, dead: 7
WARNING: Some port-forwards have died!
Restart the script to re-establish connections.
[11:24:56] Port-forwards alive: 0, dead: 7
WARNING: Some port-forwards have died!
Restart the script to re-establish connections.
[11:25:56] Port-forwards alive: 0, dead: 7
WARNING: Some port-forwards have died!
Restart the script to re-establish connections.
[11:26:56] Port-forwards alive: 0, dead: 7
WARNING: Some port-forwards have died!
Restart the script to re-establish connections.
[11:27:56] Port-forwards alive: 0, dead: 7
WARNING: Some port-forwards have died!
Restart the script to re-establish connections.
[11:28:56] Port-forwards alive: 0, dead: 7
WARNING: Some port-forwards have died!
Restart the script to re-establish connections.
[11:29:56] Port-forwards alive: 0, dead: 7
WARNING: Some port-forwards have died!
Restart the script to re-establish connections.
[11:30:56] Port-forwards alive: 0, dead: 7
WARNING: Some port-forwards have died!
Restart the script to re-establish connections.
[11:31:56] Port-forwards alive: 0, dead: 7
WARNING: Some port-forwards have died!
Restart the script to re-establish connections.
[11:32:56] Port-forwards alive: 0, dead: 7
WARNING: Some port-forwards have died!
Restart the script to re-establish connections.
[11:33:56] Port-forwards alive: 0, dead: 7
WARNING: Some port-forwards have died!
Restart the script to re-establish connections.
[11:34:57] Port-forwards alive: 0, dead: 7
WARNING: Some port-forwards have died!
Restart the script to re-establish connections.
[11:35:57] Port-forwards alive: 0, dead: 7
WARNING: Some port-forwards have died!
Restart the script to re-establish connections.
[11:36:57] Port-forwards alive: 0, dead: 7
WARNING: Some port-forwards have died!
Restart the script to re-establish connections.
[11:37:57] Port-forwards alive: 0, dead: 7
WARNING: Some port-forwards have died!
Restart the script to re-establish connections.
[11:38:57] Port-forwards alive: 0, dead: 7
WARNING: Some port-forwards have died!
Restart the script to re-establish connections.
[11:39:57] Port-forwards alive: 0, dead: 7
WARNING: Some port-forwards have died!
Restart the script to re-establish connections.
[11:40:57] Port-forwards alive: 0, dead: 7
WARNING: Some port-forwards have died!
Restart the script to re-establish connections.
[11:41:57] Port-forwards alive: 0, dead: 7
WARNING: Some port-forwards have died!
Restart the script to re-establish connections.
[11:42:57] Port-forwards alive: 0, dead: 7
WARNING: Some port-forwards have died!
Restart the script to re-establish connections.
[11:43:57] Port-forwards alive: 0, dead: 7
WARNING: Some port-forwards have died!
Restart the script to re-establish connections.
[11:44:57] Port-forwards alive: 0, dead: 7
WARNING: Some port-forwards have died!
Restart the script to re-establish connections.
[11:45:57] Port-forwards alive: 0, dead: 7
WARNING: Some port-forwards have died!
Restart the script to re-establish connections.
[11:46:57] Port-forwards alive: 0, dead: 7
WARNING: Some port-forwards have died!
Restart the script to re-establish connections.
[11:47:57] Port-forwards alive: 0, dead: 7
WARNING: Some port-forwards have died!
Restart the script to re-establish connections.
[11:48:57] Port-forwards alive: 0, dead: 7
WARNING: Some port-forwards have died!
Restart the script to re-establish connections.
[11:49:57] Port-forwards alive: 0, dead: 7
WARNING: Some port-forwards have died!
Restart the script to re-establish connections.
[11:50:57] Port-forwards alive: 0, dead: 7
WARNING: Some port-forwards have died!
Restart the script to re-establish connections.
[11:51:57] Port-forwards alive: 0, dead: 7
WARNING: Some port-forwards have died!
Restart the script to re-establish connections.
[11:52:57] Port-forwards alive: 0, dead: 7
WARNING: Some port-forwards have died!
Restart the script to re-establish connections.
[11:53:58] Port-forwards alive: 0, dead: 7
WARNING: Some port-forwards have died!
Restart the script to re-establish connections.
[11:54:58] Port-forwards alive: 0, dead: 7
WARNING: Some port-forwards have died!
Restart the script to re-establish connections.
[11:55:58] Port-forwards alive: 0, dead: 7
WARNING: Some port-forwards have died!
Restart the script to re-establish connections.
[11:56:58] Port-forwards alive: 0, dead: 7
WARNING: Some port-forwards have died!
Restart the script to re-establish connections.
[11:57:58] Port-forwards alive: 0, dead: 7
WARNING: Some port-forwards have died!
Restart the script to re-establish connections.
[11:58:58] Port-forwards alive: 0, dead: 7
WARNING: Some port-forwards have died!
Restart the script to re-establish connections.
[11:59:58] Port-forwards alive: 0, dead: 7
WARNING: Some port-forwards have died!
Restart the script to re-establish connections.
[12:00:58] Port-forwards alive: 0, dead: 7
WARNING: Some port-forwards have died!
Restart the script to re-establish connections.
[12:01:58] Port-forwards alive: 0, dead: 7
WARNING: Some port-forwards have died!
Restart the script to re-establish connections.
[12:02:58] Port-forwards alive: 0, dead: 7
WARNING: Some port-forwards have died!
Restart the script to re-establish connections.
[12:03:58] Port-forwards alive: 0, dead: 7
WARNING: Some port-forwards have died!
Restart the script to re-establish connections.
[12:04:58] Port-forwards alive: 0, dead: 7
WARNING: Some port-forwards have died!
Restart the script to re-establish connections.
[12:05:58] Port-forwards alive: 0, dead: 7
WARNING: Some port-forwards have died!
Restart the script to re-establish connections.
[12:06:58] Port-forwards alive: 0, dead: 7
WARNING: Some port-forwards have died!
Restart the script to re-establish connections.
[12:07:58] Port-forwards alive: 0, dead: 7
WARNING: Some port-forwards have died!
Restart the script to re-establish connections.
[12:08:58] Port-forwards alive: 0, dead: 7
WARNING: Some port-forwards have died!
Restart the script to re-establish connections.
[12:09:58] Port-forwards alive: 0, dead: 7
WARNING: Some port-forwards have died!
Restart the script to re-establish connections.
[12:10:58] Port-forwards alive: 0, dead: 7
WARNING: Some port-forwards have died!
Restart the script to re-establish connections.
[12:11:58] Port-forwards alive: 0, dead: 7
WARNING: Some port-forwards have died!
Restart the script to re-establish connections.
[12:12:58] Port-forwards alive: 0, dead: 7
WARNING: Some port-forwards have died!
Restart the script to re-establish connections.
[12:13:59] Port-forwards alive: 0, dead: 7
WARNING: Some port-forwards have died!
Restart the script to re-establish connections.
[12:14:59] Port-forwards alive: 0, dead: 7
WARNING: Some port-forwards have died!
Restart the script to re-establish connections.
[12:15:59] Port-forwards alive: 0, dead: 7
WARNING: Some port-forwards have died!
Restart the script to re-establish connections.
[12:16:59] Port-forwards alive: 0, dead: 7
WARNING: Some port-forwards have died!
Restart the script to re-establish connections.
[12:17:59] Port-forwards alive: 0, dead: 7
WARNING: Some port-forwards have died!
Restart the script to re-establish connections.
[12:18:59] Port-forwards alive: 0, dead: 7
WARNING: Some port-forwards have died!
Restart the script to re-establish connections.
[12:19:59] Port-forwards alive: 0, dead: 7
WARNING: Some port-forwards have died!
Restart the script to re-establish connections.
[12:20:59] Port-forwards alive: 0, dead: 7
WARNING: Some port-forwards have died!
Restart the script to re-establish connections.
[12:21:59] Port-forwards alive: 0, dead: 7
WARNING: Some port-forwards have died!
Restart the script to re-establish connections.
[12:22:59] Port-forwards alive: 0, dead: 7
WARNING: Some port-forwards have died!
Restart the script to re-establish connections.
[12:23:59] Port-forwards alive: 0, dead: 7
WARNING: Some port-forwards have died!
Restart the script to re-establish connections.
[12:24:59] Port-forwards alive: 0, dead: 7
WARNING: Some port-forwards have died!
Restart the script to re-establish connections.
[12:25:59] Port-forwards alive: 0, dead: 7
WARNING: Some port-forwards have died!
Restart the script to re-establish connections.
[12:26:59] Port-forwards alive: 0, dead: 7
WARNING: Some port-forwards have died!
Restart the script to re-establish connections.
[12:27:59] Port-forwards alive: 0, dead: 7
WARNING: Some port-forwards have died!
Restart the script to re-establish connections.
[12:28:59] Port-forwards alive: 0, dead: 7
WARNING: Some port-forwards have died!
Restart the script to re-establish connections.
[12:29:59] Port-forwards alive: 0, dead: 7
WARNING: Some port-forwards have died!
Restart the script to re-establish connections.
[12:30:59] Port-forwards alive: 0, dead: 7
WARNING: Some port-forwards have died!
Restart the script to re-establish connections.
[12:31:59] Port-forwards alive: 0, dead: 7
WARNING: Some port-forwards have died!
Restart the script to re-establish connections.
[12:32:59] Port-forwards alive: 0, dead: 7
WARNING: Some port-forwards have died!
Restart the script to re-establish connections.
[12:33:59] Port-forwards alive: 0, dead: 7
WARNING: Some port-forwards have died!
Restart the script to re-establish connections.
[12:34:59] Port-forwards alive: 0, dead: 7
WARNING: Some port-forwards have died!
Restart the script to re-establish connections.
[12:35:59] Port-forwards alive: 0, dead: 7
WARNING: Some port-forwards have died!
Restart the script to re-establish connections.
[12:37:00] Port-forwards alive: 0, dead: 7
WARNING: Some port-forwards have died!
Restart the script to re-establish connections.
[12:38:00] Port-forwards alive: 0, dead: 7
WARNING: Some port-forwards have died!
Restart the script to re-establish connections.
[12:39:00] Port-forwards alive: 0, dead: 7
WARNING: Some port-forwards have died!
Restart the script to re-establish connections.
[12:40:00] Port-forwards alive: 0, dead: 7
WARNING: Some port-forwards have died!
Restart the script to re-establish connections.
[12:41:00] Port-forwards alive: 0, dead: 7
WARNING: Some port-forwards have died!
Restart the script to re-establish connections.
[12:42:00] Port-forwards alive: 0, dead: 7
WARNING: Some port-forwards have died!
Restart the script to re-establish connections.
[12:43:00] Port-forwards alive: 0, dead: 7
WARNING: Some port-forwards have died!
Restart the script to re-establish connections.
[12:44:00] Port-forwards alive: 0, dead: 7
WARNING: Some port-forwards have died!
Restart the script to re-establish connections.
[12:45:00] Port-forwards alive: 0, dead: 7
WARNING: Some port-forwards have died!
Restart the script to re-establish connections.
[12:46:00] Port-forwards alive: 0, dead: 7
WARNING: Some port-forwards have died!
Restart the script to re-establish connections.
[12:47:00] Port-forwards alive: 0, dead: 7
WARNING: Some port-forwards have died!
Restart the script to re-establish connections.
[12:48:00] Port-forwards alive: 0, dead: 7
WARNING: Some port-forwards have died!
Restart the script to re-establish connections.
[12:49:00] Port-forwards alive: 0, dead: 7
WARNING: Some port-forwards have died!
Restart the script to re-establish connections.
[12:50:00] Port-forwards alive: 0, dead: 7
WARNING: Some port-forwards have died!
Restart the script to re-establish connections.
[12:51:00] Port-forwards alive: 0, dead: 7
WARNING: Some port-forwards have died!
Restart the script to re-establish connections.
[12:52:00] Port-forwards alive: 0, dead: 7
WARNING: Some port-forwards have died!
Restart the script to re-establish connections.
[12:53:00] Port-forwards alive: 0, dead: 7
WARNING: Some port-forwards have died!
Restart the script to re-establish connections.
[12:54:00] Port-forwards alive: 0, dead: 7
WARNING: Some port-forwards have died!
Restart the script to re-establish connections.
[12:55:00] Port-forwards alive: 0, dead: 7
WARNING: Some port-forwards have died!
Restart the script to re-establish connections.
[12:56:00] Port-forwards alive: 0, dead: 7
WARNING: Some port-forwards have died!
Restart the script to re-establish connections.
[12:57:01] Port-forwards alive: 0, dead: 7
WARNING: Some port-forwards have died!
Restart the script to re-establish connections.
[12:58:01] Port-forwards alive: 0, dead: 7
WARNING: Some port-forwards have died!
Restart the script to re-establish connections.
[12:59:01] Port-forwards alive: 0, dead: 7
WARNING: Some port-forwards have died!
Restart the script to re-establish connections.
[13:00:01] Port-forwards alive: 0, dead: 7
WARNING: Some port-forwards have died!
Restart the script to re-establish connections.
[13:01:01] Port-forwards alive: 0, dead: 7
WARNING: Some port-forwards have died!
Restart the script to re-establish connections.
[13:02:01] Port-forwards alive: 0, dead: 7
WARNING: Some port-forwards have died!
Restart the script to re-establish connections.
[13:03:01] Port-forwards alive: 0, dead: 7
WARNING: Some port-forwards have died!
Restart the script to re-establish connections.
[13:04:01] Port-forwards alive: 0, dead: 7
WARNING: Some port-forwards have died!
Restart the script to re-establish connections.
[13:05:01] Port-forwards alive: 0, dead: 7
WARNING: Some port-forwards have died!
Restart the script to re-establish connections.
[13:06:01] Port-forwards alive: 0, dead: 7
WARNING: Some port-forwards have died!
Restart the script to re-establish connections.
[13:07:01] Port-forwards alive: 0, dead: 7
WARNING: Some port-forwards have died!
Restart the script to re-establish connections.
[13:08:01] Port-forwards alive: 0, dead: 7
WARNING: Some port-forwards have died!
Restart the script to re-establish connections.
[13:09:01] Port-forwards alive: 0, dead: 7
WARNING: Some port-forwards have died!
Restart the script to re-establish connections.
[13:10:01] Port-forwards alive: 0, dead: 7
WARNING: Some port-forwards have died!
Restart the script to re-establish connections.
[13:11:01] Port-forwards alive: 0, dead: 7
WARNING: Some port-forwards have died!
Restart the script to re-establish connections.
[13:12:01] Port-forwards alive: 0, dead: 7
WARNING: Some port-forwards have died!
Restart the script to re-establish connections.
[13:13:01] Port-forwards alive: 0, dead: 7
WARNING: Some port-forwards have died!
Restart the script to re-establish connections.
[13:14:01] Port-forwards alive: 0, dead: 7
WARNING: Some port-forwards have died!
Restart the script to re-establish connections.
[13:15:01] Port-forwards alive: 0, dead: 7
WARNING: Some port-forwards have died!
Restart the script to re-establish connections.
[13:16:01] Port-forwards alive: 0, dead: 7
WARNING: Some port-forwards have died!
Restart the script to re-establish connections.
[13:17:01] Port-forwards alive: 0, dead: 7
WARNING: Some port-forwards have died!
Restart the script to re-establish connections.
[13:18:02] Port-forwards alive: 0, dead: 7
WARNING: Some port-forwards have died!
Restart the script to re-establish connections.
[13:19:02] Port-forwards alive: 0, dead: 7
WARNING: Some port-forwards have died!
Restart the script to re-establish connections.
[13:20:02] Port-forwards alive: 0, dead: 7
WARNING: Some port-forwards have died!
Restart the script to re-establish connections.
[13:21:02] Port-forwards alive: 0, dead: 7
WARNING: Some port-forwards have died!
Restart the script to re-establish connections.
[13:22:02] Port-forwards alive: 0, dead: 7
WARNING: Some port-forwards have died!
Restart the script to re-establish connections.
[13:23:02] Port-forwards alive: 0, dead: 7
WARNING: Some port-forwards have died!
Restart the script to re-establish connections.
[13:24:02] Port-forwards alive: 0, dead: 7
WARNING: Some port-forwards have died!
Restart the script to re-establish connections.
[13:25:02] Port-forwards alive: 0, dead: 7
WARNING: Some port-forwards have died!
Restart the script to re-establish connections.
[13:26:02] Port-forwards alive: 0, dead: 7
WARNING: Some port-forwards have died!
Restart the script to re-establish connections.
[13:27:02] Port-forwards alive: 0, dead: 7
WARNING: Some port-forwards have died!
Restart the script to re-establish connections.
[13:28:02] Port-forwards alive: 0, dead: 7
WARNING: Some port-forwards have died!
Restart the script to re-establish connections.
[13:29:02] Port-forwards alive: 0, dead: 7
WARNING: Some port-forwards have died!
Restart the script to re-establish connections.
[13:30:02] Port-forwards alive: 0, dead: 7
WARNING: Some port-forwards have died!
Restart the script to re-establish connections.
[13:31:02] Port-forwards alive: 0, dead: 7
WARNING: Some port-forwards have died!
Restart the script to re-establish connections.
[13:32:02] Port-forwards alive: 0, dead: 7
WARNING: Some port-forwards have died!
Restart the script to re-establish connections.
[13:33:02] Port-forwards alive: 0, dead: 7
WARNING: Some port-forwards have died!
Restart the script to re-establish connections.
[13:34:02] Port-forwards alive: 0, dead: 7
WARNING: Some port-forwards have died!
Restart the script to re-establish connections.
[13:35:02] Port-forwards alive: 0, dead: 7
WARNING: Some port-forwards have died!
Restart the script to re-establish connections.
[13:36:02] Port-forwards alive: 0, dead: 7
WARNING: Some port-forwards have died!
Restart the script to re-establish connections.
[13:37:02] Port-forwards alive: 0, dead: 7
WARNING: Some port-forwards have died!
Restart the script to re-establish connections.
[13:38:02] Port-forwards alive: 0, dead: 7
WARNING: Some port-forwards have died!
Restart the script to re-establish connections.
[13:39:03] Port-forwards alive: 0, dead: 7
WARNING: Some port-forwards have died!
Restart the script to re-establish connections.
[13:40:03] Port-forwards alive: 0, dead: 7
WARNING: Some port-forwards have died!
Restart the script to re-establish connections.
[13:41:03] Port-forwards alive: 0, dead: 7
WARNING: Some port-forwards have died!
Restart the script to re-establish connections.
[13:42:03] Port-forwards alive: 0, dead: 7
WARNING: Some port-forwards have died!
Restart the script to re-establish connections.
[13:43:03] Port-forwards alive: 0, dead: 7
WARNING: Some port-forwards have died!
Restart the script to re-establish connections.
[13:44:03] Port-forwards alive: 0, dead: 7
WARNING: Some port-forwards have died!
Restart the script to re-establish connections.
[13:45:03] Port-forwards alive: 0, dead: 7
WARNING: Some port-forwards have died!
Restart the script to re-establish connections.
[13:46:03] Port-forwards alive: 0, dead: 7
WARNING: Some port-forwards have died!
Restart the script to re-establish connections.
[13:47:03] Port-forwards alive: 0, dead: 7
WARNING: Some port-forwards have died!
Restart the script to re-establish connections.
[13:48:03] Port-forwards alive: 0, dead: 7
WARNING: Some port-forwards have died!
Restart the script to re-establish connections.
[13:49:03] Port-forwards alive: 0, dead: 7
WARNING: Some port-forwards have died!
Restart the script to re-establish connections.
[13:50:03] Port-forwards alive: 0, dead: 7
WARNING: Some port-forwards have died!
Restart the script to re-establish connections.
[13:51:03] Port-forwards alive: 0, dead: 7
WARNING: Some port-forwards have died!
Restart the script to re-establish connections.
[13:52:03] Port-forwards alive: 0, dead: 7
WARNING: Some port-forwards have died!
Restart the script to re-establish connections.
[13:53:03] Port-forwards alive: 0, dead: 7
WARNING: Some port-forwards have died!
Restart the script to re-establish connections.
[13:54:03] Port-forwards alive: 0, dead: 7
WARNING: Some port-forwards have died!
Restart the script to re-establish connections.
[13:55:03] Port-forwards alive: 0, dead: 7
WARNING: Some port-forwards have died!
Restart the script to re-establish connections.
[13:56:03] Port-forwards alive: 0, dead: 7
WARNING: Some port-forwards have died!
Restart the script to re-establish connections.
[13:57:03] Port-forwards alive: 0, dead: 7
WARNING: Some port-forwards have died!
Restart the script to re-establish connections.
[13:58:03] Port-forwards alive: 0, dead: 7
WARNING: Some port-forwards have died!
Restart the script to re-establish connections.
[13:59:03] Port-forwards alive: 0, dead: 7
WARNING: Some port-forwards have died!
Restart the script to re-establish connections.
[14:00:03] Port-forwards alive: 0, dead: 7
WARNING: Some port-forwards have died!
Restart the script to re-establish connections.
[14:01:04] Port-forwards alive: 0, dead: 7
WARNING: Some port-forwards have died!
Restart the script to re-establish connections.
[14:02:04] Port-forwards alive: 0, dead: 7
WARNING: Some port-forwards have died!
Restart the script to re-establish connections.
[14:03:04] Port-forwards alive: 0, dead: 7
WARNING: Some port-forwards have died!
Restart the script to re-establish connections.
[14:04:04] Port-forwards alive: 0, dead: 7
WARNING: Some port-forwards have died!
Restart the script to re-establish connections.
[14:05:04] Port-forwards alive: 0, dead: 7
WARNING: Some port-forwards have died!
Restart the script to re-establish connections.
[14:06:04] Port-forwards alive: 0, dead: 7
WARNING: Some port-forwards have died!
Restart the script to re-establish connections.
[14:07:04] Port-forwards alive: 0, dead: 7
WARNING: Some port-forwards have died!
Restart the script to re-establish connections.
[14:08:04] Port-forwards alive: 0, dead: 7
WARNING: Some port-forwards have died!
Restart the script to re-establish connections.
[14:09:04] Port-forwards alive: 0, dead: 7
WARNING: Some port-forwards have died!
Restart the script to re-establish connections.
[14:10:04] Port-forwards alive: 0, dead: 7
WARNING: Some port-forwards have died!
Restart the script to re-establish connections.
[14:11:04] Port-forwards alive: 0, dead: 7
WARNING: Some port-forwards have died!
Restart the script to re-establish connections.
[14:12:04] Port-forwards alive: 0, dead: 7
WARNING: Some port-forwards have died!
Restart the script to re-establish connections.
[14:13:04] Port-forwards alive: 0, dead: 7
WARNING: Some port-forwards have died!
Restart the script to re-establish connections.
[14:14:04] Port-forwards alive: 0, dead: 7
WARNING: Some port-forwards have died!
Restart the script to re-establish connections.
[14:15:04] Port-forwards alive: 0, dead: 7
WARNING: Some port-forwards have died!
Restart the script to re-establish connections.
[14:16:04] Port-forwards alive: 0, dead: 7
WARNING: Some port-forwards have died!
Restart the script to re-establish connections.
[14:17:04] Port-forwards alive: 0, dead: 7
WARNING: Some port-forwards have died!
Restart the script to re-establish connections.
[14:18:04] Port-forwards alive: 0, dead: 7
WARNING: Some port-forwards have died!
Restart the script to re-establish connections.
[14:19:04] Port-forwards alive: 0, dead: 7
WARNING: Some port-forwards have died!
Restart the script to re-establish connections.
[14:20:04] Port-forwards alive: 0, dead: 7
WARNING: Some port-forwards have died!
Restart the script to re-establish connections.
[14:21:04] Port-forwards alive: 0, dead: 7
WARNING: Some port-forwards have died!
Restart the script to re-establish connections.
[14:22:04] Port-forwards alive: 0, dead: 7
WARNING: Some port-forwards have died!
Restart the script to re-establish connections.
[14:23:04] Port-forwards alive: 0, dead: 7
WARNING: Some port-forwards have died!
Restart the script to re-establish connections.
[14:24:05] Port-forwards alive: 0, dead: 7
WARNING: Some port-forwards have died!
Restart the script to re-establish connections.
[14:25:05] Port-forwards alive: 0, dead: 7
WARNING: Some port-forwards have died!
Restart the script to re-establish connections.
[14:26:05] Port-forwards alive: 0, dead: 7
WARNING: Some port-forwards have died!
Restart the script to re-establish connections.
[14:27:05] Port-forwards alive: 0, dead: 7
WARNING: Some port-forwards have died!
Restart the script to re-establish connections.
[14:28:05] Port-forwards alive: 0, dead: 7
WARNING: Some port-forwards have died!
Restart the script to re-establish connections.
[14:29:05] Port-forwards alive: 0, dead: 7
WARNING: Some port-forwards have died!
Restart the script to re-establish connections.
[14:30:05] Port-forwards alive: 0, dead: 7
WARNING: Some port-forwards have died!
Restart the script to re-establish connections.
[14:31:05] Port-forwards alive: 0, dead: 7
WARNING: Some port-forwards have died!
Restart the script to re-establish connections.
[14:32:05] Port-forwards alive: 0, dead: 7
WARNING: Some port-forwards have died!
Restart the script to re-establish connections.
[14:33:05] Port-forwards alive: 0, dead: 7
WARNING: Some port-forwards have died!
Restart the script to re-establish connections.
[14:34:05] Port-forwards alive: 0, dead: 7
WARNING: Some port-forwards have died!
Restart the script to re-establish connections.
[14:35:05] Port-forwards alive: 0, dead: 7
WARNING: Some port-forwards have died!
Restart the script to re-establish connections.
[14:36:05] Port-forwards alive: 0, dead: 7
WARNING: Some port-forwards have died!
Restart the script to re-establish connections.
[14:37:05] Port-forwards alive: 0, dead: 7
WARNING: Some port-forwards have died!
Restart the script to re-establish connections.
[14:38:05] Port-forwards alive: 0, dead: 7
WARNING: Some port-forwards have died!
Restart the script to re-establish connections.
[14:39:05] Port-forwards alive: 0, dead: 7
WARNING: Some port-forwards have died!
Restart the script to re-establish connections.
[14:40:05] Port-forwards alive: 0, dead: 7
WARNING: Some port-forwards have died!
Restart the script to re-establish connections.
[14:41:05] Port-forwards alive: 0, dead: 7
WARNING: Some port-forwards have died!
Restart the script to re-establish connections.
[14:42:05] Port-forwards alive: 0, dead: 7
WARNING: Some port-forwards have died!
Restart the script to re-establish connections.
[14:43:05] Port-forwards alive: 0, dead: 7
WARNING: Some port-forwards have died!
Restart the script to re-establish connections.
[14:44:05] Port-forwards alive: 0, dead: 7
WARNING: Some port-forwards have died!
Restart the script to re-establish connections.
[14:45:05] Port-forwards alive: 0, dead: 7
WARNING: Some port-forwards have died!
Restart the script to re-establish connections.
[14:46:05] Port-forwards alive: 0, dead: 7
WARNING: Some port-forwards have died!
Restart the script to re-establish connections.
[14:47:05] Port-forwards alive: 0, dead: 7
WARNING: Some port-forwards have died!
Restart the script to re-establish connections.
[14:48:06] Port-forwards alive: 0, dead: 7
WARNING: Some port-forwards have died!
Restart the script to re-establish connections.
[14:49:06] Port-forwards alive: 0, dead: 7
WARNING: Some port-forwards have died!
Restart the script to re-establish connections.
[14:50:06] Port-forwards alive: 0, dead: 7
WARNING: Some port-forwards have died!
Restart the script to re-establish connections.
[14:51:06] Port-forwards alive: 0, dead: 7
WARNING: Some port-forwards have died!
Restart the script to re-establish connections.
[14:52:06] Port-forwards alive: 0, dead: 7
WARNING: Some port-forwards have died!
Restart the script to re-establish connections.
[14:53:06] Port-forwards alive: 0, dead: 7
WARNING: Some port-forwards have died!
Restart the script to re-establish connections.
[14:54:06] Port-forwards alive: 0, dead: 7
WARNING: Some port-forwards have died!
Restart the script to re-establish connections.
[14:55:06] Port-forwards alive: 0, dead: 7
WARNING: Some port-forwards have died!
Restart the script to re-establish connections.
[14:56:06] Port-forwards alive: 0, dead: 7
WARNING: Some port-forwards have died!
Restart the script to re-establish connections.
[14:57:06] Port-forwards alive: 0, dead: 7
WARNING: Some port-forwards have died!
Restart the script to re-establish connections.
[14:58:06] Port-forwards alive: 0, dead: 7
WARNING: Some port-forwards have died!
Restart the script to re-establish connections.
[14:59:06] Port-forwards alive: 0, dead: 7
WARNING: Some port-forwards have died!
Restart the script to re-establish connections.
[15:00:06] Port-forwards alive: 0, dead: 7
WARNING: Some port-forwards have died!
Restart the script to re-establish connections.
[15:01:06] Port-forwards alive: 0, dead: 7
WARNING: Some port-forwards have died!
Restart the script to re-establish connections.
[15:02:06] Port-forwards alive: 0, dead: 7
WARNING: Some port-forwards have died!
Restart the script to re-establish connections.
[15:03:06] Port-forwards alive: 0, dead: 7
WARNING: Some port-forwards have died!
Restart the script to re-establish connections.
[15:04:06] Port-forwards alive: 0, dead: 7
WARNING: Some port-forwards have died!
Restart the script to re-establish connections.
[15:05:06] Port-forwards alive: 0, dead: 7
WARNING: Some port-forwards have died!
Restart the script to re-establish connections.
[15:06:06] Port-forwards alive: 0, dead: 7
WARNING: Some port-forwards have died!
Restart the script to re-establish connections.
[15:07:07] Port-forwards alive: 0, dead: 7
WARNING: Some port-forwards have died!
Restart the script to re-establish connections.
[15:08:07] Port-forwards alive: 0, dead: 7
WARNING: Some port-forwards have died!
Restart the script to re-establish connections.
[15:09:07] Port-forwards alive: 0, dead: 7
WARNING: Some port-forwards have died!
Restart the script to re-establish connections.
[15:10:07] Port-forwards alive: 0, dead: 7
WARNING: Some port-forwards have died!
Restart the script to re-establish connections.
[15:11:07] Port-forwards alive: 0, dead: 7
WARNING: Some port-forwards have died!
Restart the script to re-establish connections.
[15:12:07] Port-forwards alive: 0, dead: 7
WARNING: Some port-forwards have died!
Restart the script to re-establish connections.
[15:13:07] Port-forwards alive: 0, dead: 7
WARNING: Some port-forwards have died!
Restart the script to re-establish connections.
[15:14:07] Port-forwards alive: 0, dead: 7
WARNING: Some port-forwards have died!
Restart the script to re-establish connections.
[15:15:07] Port-forwards alive: 0, dead: 7
WARNING: Some port-forwards have died!
Restart the script to re-establish connections.
[15:16:07] Port-forwards alive: 0, dead: 7
WARNING: Some port-forwards have died!
Restart the script to re-establish connections.
[15:17:07] Port-forwards alive: 0, dead: 7
WARNING: Some port-forwards have died!
Restart the script to re-establish connections.
[15:18:07] Port-forwards alive: 0, dead: 7
WARNING: Some port-forwards have died!
Restart the script to re-establish connections.
[15:19:07] Port-forwards alive: 0, dead: 7
WARNING: Some port-forwards have died!
Restart the script to re-establish connections.
[15:20:07] Port-forwards alive: 0, dead: 7
WARNING: Some port-forwards have died!
Restart the script to re-establish connections.
[15:21:07] Port-forwards alive: 0, dead: 7
WARNING: Some port-forwards have died!
Restart the script to re-establish connections.
[15:22:07] Port-forwards alive: 0, dead: 7
WARNING: Some port-forwards have died!
Restart the script to re-establish connections.
[15:23:07] Port-forwards alive: 0, dead: 7
WARNING: Some port-forwards have died!
Restart the script to re-establish connections.
[15:24:07] Port-forwards alive: 0, dead: 7
WARNING: Some port-forwards have died!
Restart the script to re-establish connections.
[15:25:07] Port-forwards alive: 0, dead: 7
WARNING: Some port-forwards have died!
Restart the script to re-establish connections.
[15:26:08] Port-forwards alive: 0, dead: 7
WARNING: Some port-forwards have died!
Restart the script to re-establish connections.
[15:27:08] Port-forwards alive: 0, dead: 7
WARNING: Some port-forwards have died!
Restart the script to re-establish connections.
[15:28:08] Port-forwards alive: 0, dead: 7
WARNING: Some port-forwards have died!
Restart the script to re-establish connections.
[15:29:08] Port-forwards alive: 0, dead: 7
WARNING: Some port-forwards have died!
Restart the script to re-establish connections.
[15:30:08] Port-forwards alive: 0, dead: 7
WARNING: Some port-forwards have died!
Restart the script to re-establish connections.
[15:31:08] Port-forwards alive: 0, dead: 7
WARNING: Some port-forwards have died!
Restart the script to re-establish connections.
[15:32:08] Port-forwards alive: 0, dead: 7
WARNING: Some port-forwards have died!
Restart the script to re-establish connections.
[15:33:08] Port-forwards alive: 0, dead: 7
WARNING: Some port-forwards have died!
Restart the script to re-establish connections.
[15:34:08] Port-forwards alive: 0, dead: 7
WARNING: Some port-forwards have died!
Restart the script to re-establish connections.
[15:35:08] Port-forwards alive: 0, dead: 7
WARNING: Some port-forwards have died!
Restart the script to re-establish connections.
[15:36:08] Port-forwards alive: 0, dead: 7
WARNING: Some port-forwards have died!
Restart the script to re-establish connections.
[15:37:08] Port-forwards alive: 0, dead: 7
WARNING: Some port-forwards have died!
Restart the script to re-establish connections.
[15:38:08] Port-forwards alive: 0, dead: 7
WARNING: Some port-forwards have died!
Restart the script to re-establish connections.
[15:39:08] Port-forwards alive: 0, dead: 7
WARNING: Some port-forwards have died!
Restart the script to re-establish connections.
[15:40:08] Port-forwards alive: 0, dead: 7
WARNING: Some port-forwards have died!
Restart the script to re-establish connections.
[15:41:08] Port-forwards alive: 0, dead: 7
WARNING: Some port-forwards have died!
Restart the script to re-establish connections.
[15:42:08] Port-forwards alive: 0, dead: 7
WARNING: Some port-forwards have died!
Restart the script to re-establish connections.
[15:43:08] Port-forwards alive: 0, dead: 7
WARNING: Some port-forwards have died!
Restart the script to re-establish connections.
[15:44:08] Port-forwards alive: 0, dead: 7
WARNING: Some port-forwards have died!
Restart the script to re-establish connections.
[15:45:08] Port-forwards alive: 0, dead: 7
WARNING: Some port-forwards have died!
Restart the script to re-establish connections.
[15:46:09] Port-forwards alive: 0, dead: 7
WARNING: Some port-forwards have died!
Restart the script to re-establish connections.
[15:47:09] Port-forwards alive: 0, dead: 7
WARNING: Some port-forwards have died!
Restart the script to re-establish connections.
[15:48:09] Port-forwards alive: 0, dead: 7
WARNING: Some port-forwards have died!
Restart the script to re-establish connections.
[15:49:09] Port-forwards alive: 0, dead: 7
WARNING: Some port-forwards have died!
Restart the script to re-establish connections.
[15:50:09] Port-forwards alive: 0, dead: 7
WARNING: Some port-forwards have died!
Restart the script to re-establish connections.
[15:51:09] Port-forwards alive: 0, dead: 7
WARNING: Some port-forwards have died!
Restart the script to re-establish connections.
[15:52:09] Port-forwards alive: 0, dead: 7
WARNING: Some port-forwards have died!
Restart the script to re-establish connections.
[15:53:09] Port-forwards alive: 0, dead: 7
WARNING: Some port-forwards have died!
Restart the script to re-establish connections.
[15:54:09] Port-forwards alive: 0, dead: 7
WARNING: Some port-forwards have died!
Restart the script to re-establish connections.
[15:55:09] Port-forwards alive: 0, dead: 7
WARNING: Some port-forwards have died!
Restart the script to re-establish connections.
[15:56:09] Port-forwards alive: 0, dead: 7
WARNING: Some port-forwards have died!
Restart the script to re-establish connections.
[15:57:09] Port-forwards alive: 0, dead: 7
WARNING: Some port-forwards have died!
Restart the script to re-establish connections.
[15:58:09] Port-forwards alive: 0, dead: 7
WARNING: Some port-forwards have died!
Restart the script to re-establish connections.
[15:59:09] Port-forwards alive: 0, dead: 7
WARNING: Some port-forwards have died!
Restart the script to re-establish connections.
[16:00:09] Port-forwards alive: 0, dead: 7
WARNING: Some port-forwards have died!
Restart the script to re-establish connections.
[16:01:09] Port-forwards alive: 0, dead: 7
WARNING: Some port-forwards have died!
Restart the script to re-establish connections.
[16:02:09] Port-forwards alive: 0, dead: 7
WARNING: Some port-forwards have died!
Restart the script to re-establish connections.
[16:03:09] Port-forwards alive: 0, dead: 7
WARNING: Some port-forwards have died!
Restart the script to re-establish connections.
[16:04:09] Port-forwards alive: 0, dead: 7
WARNING: Some port-forwards have died!
Restart the script to re-establish connections.
[16:05:09] Port-forwards alive: 0, dead: 7
WARNING: Some port-forwards have died!
Restart the script to re-establish connections.
[16:06:09] Port-forwards alive: 0, dead: 7
WARNING: Some port-forwards have died!
Restart the script to re-establish connections.
[16:07:09] Port-forwards alive: 0, dead: 7
WARNING: Some port-forwards have died!
Restart the script to re-establish connections.
[16:08:10] Port-forwards alive: 0, dead: 7
WARNING: Some port-forwards have died!
Restart the script to re-establish connections.
[16:09:10] Port-forwards alive: 0, dead: 7
WARNING: Some port-forwards have died!
Restart the script to re-establish connections.
[16:10:10] Port-forwards alive: 0, dead: 7
WARNING: Some port-forwards have died!
Restart the script to re-establish connections.
[16:11:10] Port-forwards alive: 0, dead: 7
WARNING: Some port-forwards have died!
Restart the script to re-establish connections.
[16:12:10] Port-forwards alive: 0, dead: 7
WARNING: Some port-forwards have died!
Restart the script to re-establish connections.
[16:13:10] Port-forwards alive: 0, dead: 7
WARNING: Some port-forwards have died!
Restart the script to re-establish connections.
[16:14:10] Port-forwards alive: 0, dead: 7
WARNING: Some port-forwards have died!
Restart the script to re-establish connections.
[16:15:10] Port-forwards alive: 0, dead: 7
WARNING: Some port-forwards have died!
Restart the script to re-establish connections.
[16:16:10] Port-forwards alive: 0, dead: 7
WARNING: Some port-forwards have died!
Restart the script to re-establish connections.
[16:17:10] Port-forwards alive: 0, dead: 7
WARNING: Some port-forwards have died!
Restart the script to re-establish connections.
[16:18:10] Port-forwards alive: 0, dead: 7
WARNING: Some port-forwards have died!
Restart the script to re-establish connections.
[16:19:10] Port-forwards alive: 0, dead: 7
WARNING: Some port-forwards have died!
Restart the script to re-establish connections.
[16:20:10] Port-forwards alive: 0, dead: 7
WARNING: Some port-forwards have died!
Restart the script to re-establish connections.
[16:21:10] Port-forwards alive: 0, dead: 7
WARNING: Some port-forwards have died!
Restart the script to re-establish connections.
[16:22:10] Port-forwards alive: 0, dead: 7
WARNING: Some port-forwards have died!
Restart the script to re-establish connections.
[16:23:10] Port-forwards alive: 0, dead: 7
WARNING: Some port-forwards have died!
Restart the script to re-establish connections.
[16:24:10] Port-forwards alive: 0, dead: 7
WARNING: Some port-forwards have died!
Restart the script to re-establish connections.
[16:25:10] Port-forwards alive: 0, dead: 7
WARNING: Some port-forwards have died!
Restart the script to re-establish connections.
[16:26:10] Port-forwards alive: 0, dead: 7
WARNING: Some port-forwards have died!
Restart the script to re-establish connections.
[16:27:10] Port-forwards alive: 0, dead: 7
WARNING: Some port-forwards have died!
Restart the script to re-establish connections.
[16:28:10] Port-forwards alive: 0, dead: 7
WARNING: Some port-forwards have died!
Restart the script to re-establish connections.
[16:29:10] Port-forwards alive: 0, dead: 7
WARNING: Some port-forwards have died!
Restart the script to re-establish connections.
[16:30:10] Port-forwards alive: 0, dead: 7
WARNING: Some port-forwards have died!
Restart the script to re-establish connections.
[16:31:10] Port-forwards alive: 0, dead: 7
WARNING: Some port-forwards have died!
Restart the script to re-establish connections.
[16:32:11] Port-forwards alive: 0, dead: 7
WARNING: Some port-forwards have died!
Restart the script to re-establish connections.
[16:33:11] Port-forwards alive: 0, dead: 7
WARNING: Some port-forwards have died!
Restart the script to re-establish connections.
[16:34:11] Port-forwards alive: 0, dead: 7
WARNING: Some port-forwards have died!
Restart the script to re-establish connections.
[16:35:11] Port-forwards alive: 0, dead: 7
WARNING: Some port-forwards have died!
Restart the script to re-establish connections.
[16:36:11] Port-forwards alive: 0, dead: 7
WARNING: Some port-forwards have died!
Restart the script to re-establish connections.
[16:37:11] Port-forwards alive: 0, dead: 7
WARNING: Some port-forwards have died!
Restart the script to re-establish connections.
[16:38:11] Port-forwards alive: 0, dead: 7
WARNING: Some port-forwards have died!
Restart the script to re-establish connections.
[16:39:11] Port-forwards alive: 0, dead: 7
WARNING: Some port-forwards have died!
Restart the script to re-establish connections.
[16:40:11] Port-forwards alive: 0, dead: 7
WARNING: Some port-forwards have died!
Restart the script to re-establish connections.
[16:41:11] Port-forwards alive: 0, dead: 7
WARNING: Some port-forwards have died!
Restart the script to re-establish connections.
[16:42:11] Port-forwards alive: 0, dead: 7
WARNING: Some port-forwards have died!
Restart the script to re-establish connections.
[16:43:11] Port-forwards alive: 0, dead: 7
WARNING: Some port-forwards have died!
Restart the script to re-establish connections.
[16:44:11] Port-forwards alive: 0, dead: 7
WARNING: Some port-forwards have died!
Restart the script to re-establish connections.
[16:45:11] Port-forwards alive: 0, dead: 7
WARNING: Some port-forwards have died!
Restart the script to re-establish connections.
[16:46:11] Port-forwards alive: 0, dead: 7
WARNING: Some port-forwards have died!
Restart the script to re-establish connections.
[16:47:11] Port-forwards alive: 0, dead: 7
WARNING: Some port-forwards have died!
Restart the script to re-establish connections.
[16:48:11] Port-forwards alive: 0, dead: 7
WARNING: Some port-forwards have died!
Restart the script to re-establish connections.
[16:49:11] Port-forwards alive: 0, dead: 7
WARNING: Some port-forwards have died!
Restart the script to re-establish connections.
[16:50:12] Port-forwards alive: 0, dead: 7
WARNING: Some port-forwards have died!
Restart the script to re-establish connections.
[16:51:12] Port-forwards alive: 0, dead: 7
WARNING: Some port-forwards have died!
Restart the script to re-establish connections.
[16:52:12] Port-forwards alive: 0, dead: 7
WARNING: Some port-forwards have died!
Restart the script to re-establish connections.
[16:53:12] Port-forwards alive: 0, dead: 7
WARNING: Some port-forwards have died!
Restart the script to re-establish connections.
[16:54:12] Port-forwards alive: 0, dead: 7
WARNING: Some port-forwards have died!
Restart the script to re-establish connections.
[16:55:12] Port-forwards alive: 0, dead: 7
WARNING: Some port-forwards have died!
Restart the script to re-establish connections.
[16:56:12] Port-forwards alive: 0, dead: 7
WARNING: Some port-forwards have died!
Restart the script to re-establish connections.
[16:57:12] Port-forwards alive: 0, dead: 7
WARNING: Some port-forwards have died!
Restart the script to re-establish connections.
[16:58:12] Port-forwards alive: 0, dead: 7
WARNING: Some port-forwards have died!
Restart the script to re-establish connections.
[16:59:12] Port-forwards alive: 0, dead: 7
WARNING: Some port-forwards have died!
Restart the script to re-establish connections.
[17:00:12] Port-forwards alive: 0, dead: 7
WARNING: Some port-forwards have died!
Restart the script to re-establish connections.
[17:01:12] Port-forwards alive: 0, dead: 7
WARNING: Some port-forwards have died!
Restart the script to re-establish connections.
[17:02:12] Port-forwards alive: 0, dead: 7
WARNING: Some port-forwards have died!
Restart the script to re-establish connections.
[17:03:12] Port-forwards alive: 0, dead: 7
WARNING: Some port-forwards have died!
Restart the script to re-establish connections.
[17:04:12] Port-forwards alive: 0, dead: 7
WARNING: Some port-forwards have died!
Restart the script to re-establish connections.
[17:05:12] Port-forwards alive: 0, dead: 7
WARNING: Some port-forwards have died!
Restart the script to re-establish connections.
[17:06:12] Port-forwards alive: 0, dead: 7
WARNING: Some port-forwards have died!
Restart the script to re-establish connections.
[17:07:12] Port-forwards alive: 0, dead: 7
WARNING: Some port-forwards have died!
Restart the script to re-establish connections.
[17:08:12] Port-forwards alive: 0, dead: 7
WARNING: Some port-forwards have died!
Restart the script to re-establish connections.
[17:09:13] Port-forwards alive: 0, dead: 7
WARNING: Some port-forwards have died!
Restart the script to re-establish connections.
[17:10:13] Port-forwards alive: 0, dead: 7
WARNING: Some port-forwards have died!
Restart the script to re-establish connections.
[17:11:13] Port-forwards alive: 0, dead: 7
WARNING: Some port-forwards have died!
Restart the script to re-establish connections.
[17:12:13] Port-forwards alive: 0, dead: 7
WARNING: Some port-forwards have died!
Restart the script to re-establish connections.
[17:13:13] Port-forwards alive: 0, dead: 7
WARNING: Some port-forwards have died!
Restart the script to re-establish connections.
[17:14:13] Port-forwards alive: 0, dead: 7
WARNING: Some port-forwards have died!
Restart the script to re-establish connections.
[17:15:13] Port-forwards alive: 0, dead: 7
WARNING: Some port-forwards have died!
Restart the script to re-establish connections.
[17:16:13] Port-forwards alive: 0, dead: 7
WARNING: Some port-forwards have died!
Restart the script to re-establish connections.
[17:17:13] Port-forwards alive: 0, dead: 7
WARNING: Some port-forwards have died!
Restart the script to re-establish connections.
[17:18:13] Port-forwards alive: 0, dead: 7
WARNING: Some port-forwards have died!
Restart the script to re-establish connections.
[17:19:13] Port-forwards alive: 0, dead: 7
WARNING: Some port-forwards have died!
Restart the script to re-establish connections.
[17:20:13] Port-forwards alive: 0, dead: 7
WARNING: Some port-forwards have died!
Restart the script to re-establish connections.
[17:21:13] Port-forwards alive: 0, dead: 7
WARNING: Some port-forwards have died!
Restart the script to re-establish connections.
[17:22:13] Port-forwards alive: 0, dead: 7
WARNING: Some port-forwards have died!
Restart the script to re-establish connections.
[17:23:13] Port-forwards alive: 0, dead: 7
WARNING: Some port-forwards have died!
Restart the script to re-establish connections.
[17:24:13] Port-forwards alive: 0, dead: 7
WARNING: Some port-forwards have died!
Restart the script to re-establish connections.
[17:25:13] Port-forwards alive: 0, dead: 7
WARNING: Some port-forwards have died!
Restart the script to re-establish connections.
[17:26:13] Port-forwards alive: 0, dead: 7
WARNING: Some port-forwards have died!
Restart the script to re-establish connections.
[17:27:13] Port-forwards alive: 0, dead: 7
WARNING: Some port-forwards have died!
Restart the script to re-establish connections.
[17:28:13] Port-forwards alive: 0, dead: 7
WARNING: Some port-forwards have died!
Restart the script to re-establish connections.
[17:29:14] Port-forwards alive: 0, dead: 7
WARNING: Some port-forwards have died!
Restart the script to re-establish connections.
[17:30:14] Port-forwards alive: 0, dead: 7
WARNING: Some port-forwards have died!
Restart the script to re-establish connections.
[17:31:14] Port-forwards alive: 0, dead: 7
WARNING: Some port-forwards have died!
Restart the script to re-establish connections.
[17:32:14] Port-forwards alive: 0, dead: 7
WARNING: Some port-forwards have died!
Restart the script to re-establish connections.
[17:33:14] Port-forwards alive: 0, dead: 7
WARNING: Some port-forwards have died!
Restart the script to re-establish connections.
[17:34:14] Port-forwards alive: 0, dead: 7
WARNING: Some port-forwards have died!
Restart the script to re-establish connections.
[17:35:14] Port-forwards alive: 0, dead: 7
WARNING: Some port-forwards have died!
Restart the script to re-establish connections.
[17:36:14] Port-forwards alive: 0, dead: 7
WARNING: Some port-forwards have died!
Restart the script to re-establish connections.
[17:37:14] Port-forwards alive: 0, dead: 7
WARNING: Some port-forwards have died!
Restart the script to re-establish connections.
[17:38:14] Port-forwards alive: 0, dead: 7
WARNING: Some port-forwards have died!
Restart the script to re-establish connections.
[17:39:14] Port-forwards alive: 0, dead: 7
WARNING: Some port-forwards have died!
Restart the script to re-establish connections.
[17:40:14] Port-forwards alive: 0, dead: 7
WARNING: Some port-forwards have died!
Restart the script to re-establish connections.
[17:41:14] Port-forwards alive: 0, dead: 7
WARNING: Some port-forwards have died!
Restart the script to re-establish connections.
[17:42:14] Port-forwards alive: 0, dead: 7
WARNING: Some port-forwards have died!
Restart the script to re-establish connections.
[17:43:14] Port-forwards alive: 0, dead: 7
WARNING: Some port-forwards have died!
Restart the script to re-establish connections.
[17:44:14] Port-forwards alive: 0, dead: 7
WARNING: Some port-forwards have died!
Restart the script to re-establish connections.
[17:45:14] Port-forwards alive: 0, dead: 7
WARNING: Some port-forwards have died!
Restart the script to re-establish connections.
[17:46:14] Port-forwards alive: 0, dead: 7
WARNING: Some port-forwards have died!
Restart the script to re-establish connections.
[17:47:14] Port-forwards alive: 0, dead: 7
WARNING: Some port-forwards have died!
Restart the script to re-establish connections.
[17:48:15] Port-forwards alive: 0, dead: 7
WARNING: Some port-forwards have died!
Restart the script to re-establish connections.
[17:49:15] Port-forwards alive: 0, dead: 7
WARNING: Some port-forwards have died!
Restart the script to re-establish connections.
[17:50:15] Port-forwards alive: 0, dead: 7
WARNING: Some port-forwards have died!
Restart the script to re-establish connections.
[17:51:15] Port-forwards alive: 0, dead: 7
WARNING: Some port-forwards have died!
Restart the script to re-establish connections.
[17:52:15] Port-forwards alive: 0, dead: 7
WARNING: Some port-forwards have died!
Restart the script to re-establish connections.
[17:53:15] Port-forwards alive: 0, dead: 7
WARNING: Some port-forwards have died!
Restart the script to re-establish connections.
[17:54:15] Port-forwards alive: 0, dead: 7
WARNING: Some port-forwards have died!
Restart the script to re-establish connections.
[17:55:15] Port-forwards alive: 0, dead: 7
WARNING: Some port-forwards have died!
Restart the script to re-establish connections.
[17:56:15] Port-forwards alive: 0, dead: 7
WARNING: Some port-forwards have died!
Restart the script to re-establish connections.
[17:57:15] Port-forwards alive: 0, dead: 7
WARNING: Some port-forwards have died!
Restart the script to re-establish connections.
[17:58:15] Port-forwards alive: 0, dead: 7
WARNING: Some port-forwards have died!
Restart the script to re-establish connections.
[17:59:15] Port-forwards alive: 0, dead: 7
WARNING: Some port-forwards have died!
Restart the script to re-establish connections.
[18:00:15] Port-forwards alive: 0, dead: 7
WARNING: Some port-forwards have died!
Restart the script to re-establish connections.
[18:01:15] Port-forwards alive: 0, dead: 7
WARNING: Some port-forwards have died!
Restart the script to re-establish connections.
[18:02:15] Port-forwards alive: 0, dead: 7
WARNING: Some port-forwards have died!
Restart the script to re-establish connections.
[18:03:15] Port-forwards alive: 0, dead: 7
WARNING: Some port-forwards have died!
Restart the script to re-establish connections.
[18:04:15] Port-forwards alive: 0, dead: 7
WARNING: Some port-forwards have died!
Restart the script to re-establish connections.
[18:05:15] Port-forwards alive: 0, dead: 7
WARNING: Some port-forwards have died!
Restart the script to re-establish connections.
[18:06:15] Port-forwards alive: 0, dead: 7
WARNING: Some port-forwards have died!
Restart the script to re-establish connections.
[18:07:15] Port-forwards alive: 0, dead: 7
WARNING: Some port-forwards have died!
Restart the script to re-establish connections.
[18:08:16] Port-forwards alive: 0, dead: 7
WARNING: Some port-forwards have died!
Restart the script to re-establish connections.
[18:09:16] Port-forwards alive: 0, dead: 7
WARNING: Some port-forwards have died!
Restart the script to re-establish connections.
[18:10:16] Port-forwards alive: 0, dead: 7
WARNING: Some port-forwards have died!
Restart the script to re-establish connections.
[18:11:16] Port-forwards alive: 0, dead: 7
WARNING: Some port-forwards have died!
Restart the script to re-establish connections.
[18:12:16] Port-forwards alive: 0, dead: 7
WARNING: Some port-forwards have died!
Restart the script to re-establish connections.
[18:13:16] Port-forwards alive: 0, dead: 7
WARNING: Some port-forwards have died!
Restart the script to re-establish connections.
[18:14:16] Port-forwards alive: 0, dead: 7
WARNING: Some port-forwards have died!
Restart the script to re-establish connections.
[18:15:16] Port-forwards alive: 0, dead: 7
WARNING: Some port-forwards have died!
Restart the script to re-establish connections.
[18:16:16] Port-forwards alive: 0, dead: 7
WARNING: Some port-forwards have died!
Restart the script to re-establish connections.
[18:17:16] Port-forwards alive: 0, dead: 7
WARNING: Some port-forwards have died!
Restart the script to re-establish connections.
[18:18:16] Port-forwards alive: 0, dead: 7
WARNING: Some port-forwards have died!
Restart the script to re-establish connections.
[18:19:16] Port-forwards alive: 0, dead: 7
WARNING: Some port-forwards have died!
Restart the script to re-establish connections.
[18:20:16] Port-forwards alive: 0, dead: 7
WARNING: Some port-forwards have died!
Restart the script to re-establish connections.
[18:21:16] Port-forwards alive: 0, dead: 7
WARNING: Some port-forwards have died!
Restart the script to re-establish connections.
[18:22:16] Port-forwards alive: 0, dead: 7
WARNING: Some port-forwards have died!
Restart the script to re-establish connections.
[18:23:16] Port-forwards alive: 0, dead: 7
WARNING: Some port-forwards have died!
Restart the script to re-establish connections.
[18:24:16] Port-forwards alive: 0, dead: 7
WARNING: Some port-forwards have died!
Restart the script to re-establish connections.
[18:25:16] Port-forwards alive: 0, dead: 7
WARNING: Some port-forwards have died!
Restart the script to re-establish connections.
[18:26:16] Port-forwards alive: 0, dead: 7
WARNING: Some port-forwards have died!
Restart the script to re-establish connections.
[18:27:16] Port-forwards alive: 0, dead: 7
WARNING: Some port-forwards have died!
Restart the script to re-establish connections.
[18:28:16] Port-forwards alive: 0, dead: 7
WARNING: Some port-forwards have died!
Restart the script to re-establish connections.
[18:29:17] Port-forwards alive: 0, dead: 7
WARNING: Some port-forwards have died!
Restart the script to re-establish connections.
[18:30:17] Port-forwards alive: 0, dead: 7
WARNING: Some port-forwards have died!
Restart the script to re-establish connections.
[18:31:17] Port-forwards alive: 0, dead: 7
WARNING: Some port-forwards have died!
Restart the script to re-establish connections.
[18:32:17] Port-forwards alive: 0, dead: 7
WARNING: Some port-forwards have died!
Restart the script to re-establish connections.
[18:33:17] Port-forwards alive: 0, dead: 7
WARNING: Some port-forwards have died!
Restart the script to re-establish connections.
[18:34:17] Port-forwards alive: 0, dead: 7
WARNING: Some port-forwards have died!
Restart the script to re-establish connections.
[18:35:17] Port-forwards alive: 0, dead: 7
WARNING: Some port-forwards have died!
Restart the script to re-establish connections.
[18:36:17] Port-forwards alive: 0, dead: 7
WARNING: Some port-forwards have died!
Restart the script to re-establish connections.
[18:37:17] Port-forwards alive: 0, dead: 7
WARNING: Some port-forwards have died!
Restart the script to re-establish connections.
[18:38:17] Port-forwards alive: 0, dead: 7
WARNING: Some port-forwards have died!
Restart the script to re-establish connections.
[18:39:17] Port-forwards alive: 0, dead: 7
WARNING: Some port-forwards have died!
Restart the script to re-establish connections.
[18:40:17] Port-forwards alive: 0, dead: 7
WARNING: Some port-forwards have died!
Restart the script to re-establish connections.
[18:41:17] Port-forwards alive: 0, dead: 7
WARNING: Some port-forwards have died!
Restart the script to re-establish connections.
[18:42:17] Port-forwards alive: 0, dead: 7
WARNING: Some port-forwards have died!
Restart the script to re-establish connections.
[18:43:17] Port-forwards alive: 0, dead: 7
WARNING: Some port-forwards have died!
Restart the script to re-establish connections.
[18:44:17] Port-forwards alive: 0, dead: 7
WARNING: Some port-forwards have died!
Restart the script to re-establish connections.
[18:45:17] Port-forwards alive: 0, dead: 7
WARNING: Some port-forwards have died!
Restart the script to re-establish connections.
[18:46:17] Port-forwards alive: 0, dead: 7
WARNING: Some port-forwards have died!
Restart the script to re-establish connections.
[18:47:18] Port-forwards alive: 0, dead: 7
WARNING: Some port-forwards have died!
Restart the script to re-establish connections.
[18:48:18] Port-forwards alive: 0, dead: 7
WARNING: Some port-forwards have died!
Restart the script to re-establish connections.
[18:49:18] Port-forwards alive: 0, dead: 7
WARNING: Some port-forwards have died!
Restart the script to re-establish connections.
[18:50:18] Port-forwards alive: 0, dead: 7
WARNING: Some port-forwards have died!
Restart the script to re-establish connections.
[18:51:18] Port-forwards alive: 0, dead: 7
WARNING: Some port-forwards have died!
Restart the script to re-establish connections.
[18:52:18] Port-forwards alive: 0, dead: 7
WARNING: Some port-forwards have died!
Restart the script to re-establish connections.
[18:53:18] Port-forwards alive: 0, dead: 7
WARNING: Some port-forwards have died!
Restart the script to re-establish connections.
[18:54:18] Port-forwards alive: 0, dead: 7
WARNING: Some port-forwards have died!
Restart the script to re-establish connections.
[18:55:18] Port-forwards alive: 0, dead: 7
WARNING: Some port-forwards have died!
Restart the script to re-establish connections.
[18:56:18] Port-forwards alive: 0, dead: 7
WARNING: Some port-forwards have died!
Restart the script to re-establish connections.
[18:57:18] Port-forwards alive: 0, dead: 7
WARNING: Some port-forwards have died!
Restart the script to re-establish connections.
[18:58:18] Port-forwards alive: 0, dead: 7
WARNING: Some port-forwards have died!
Restart the script to re-establish connections.
[18:59:18] Port-forwards alive: 0, dead: 7
WARNING: Some port-forwards have died!
Restart the script to re-establish connections.
[19:00:18] Port-forwards alive: 0, dead: 7
WARNING: Some port-forwards have died!
Restart the script to re-establish connections.
[19:01:18] Port-forwards alive: 0, dead: 7
WARNING: Some port-forwards have died!
Restart the script to re-establish connections.
[19:02:18] Port-forwards alive: 0, dead: 7
WARNING: Some port-forwards have died!
Restart the script to re-establish connections.
[19:03:18] Port-forwards alive: 0, dead: 7
WARNING: Some port-forwards have died!
Restart the script to re-establish connections.
[19:04:18] Port-forwards alive: 0, dead: 7
WARNING: Some port-forwards have died!
Restart the script to re-establish connections.
[19:05:19] Port-forwards alive: 0, dead: 7
WARNING: Some port-forwards have died!
Restart the script to re-establish connections.
[19:06:19] Port-forwards alive: 0, dead: 7
WARNING: Some port-forwards have died!
Restart the script to re-establish connections.
[19:07:19] Port-forwards alive: 0, dead: 7
WARNING: Some port-forwards have died!
Restart the script to re-establish connections.
[19:08:19] Port-forwards alive: 0, dead: 7
WARNING: Some port-forwards have died!
Restart the script to re-establish connections.
[19:09:19] Port-forwards alive: 0, dead: 7
WARNING: Some port-forwards have died!
Restart the script to re-establish connections.
[19:10:19] Port-forwards alive: 0, dead: 7
WARNING: Some port-forwards have died!
Restart the script to re-establish connections.
[19:11:19] Port-forwards alive: 0, dead: 7
WARNING: Some port-forwards have died!
Restart the script to re-establish connections.
[19:12:19] Port-forwards alive: 0, dead: 7
WARNING: Some port-forwards have died!
Restart the script to re-establish connections.
[19:13:19] Port-forwards alive: 0, dead: 7
WARNING: Some port-forwards have died!
Restart the script to re-establish connections.
[19:14:19] Port-forwards alive: 0, dead: 7
WARNING: Some port-forwards have died!
Restart the script to re-establish connections.
[19:15:19] Port-forwards alive: 0, dead: 7
WARNING: Some port-forwards have died!
Restart the script to re-establish connections.
[19:16:19] Port-forwards alive: 0, dead: 7
WARNING: Some port-forwards have died!
Restart the script to re-establish connections.
[19:17:19] Port-forwards alive: 0, dead: 7
WARNING: Some port-forwards have died!
Restart the script to re-establish connections.
[19:18:19] Port-forwards alive: 0, dead: 7
WARNING: Some port-forwards have died!
Restart the script to re-establish connections.
[19:19:19] Port-forwards alive: 0, dead: 7
WARNING: Some port-forwards have died!
Restart the script to re-establish connections.
[19:20:19] Port-forwards alive: 0, dead: 7
WARNING: Some port-forwards have died!
Restart the script to re-establish connections.
[19:21:19] Port-forwards alive: 0, dead: 7
WARNING: Some port-forwards have died!
Restart the script to re-establish connections.
[19:22:20] Port-forwards alive: 0, dead: 7
WARNING: Some port-forwards have died!
Restart the script to re-establish connections.
[19:23:20] Port-forwards alive: 0, dead: 7
WARNING: Some port-forwards have died!
Restart the script to re-establish connections.
[19:24:20] Port-forwards alive: 0, dead: 7
WARNING: Some port-forwards have died!
Restart the script to re-establish connections.
[19:25:20] Port-forwards alive: 0, dead: 7
WARNING: Some port-forwards have died!
Restart the script to re-establish connections.
[19:26:20] Port-forwards alive: 0, dead: 7
WARNING: Some port-forwards have died!
Restart the script to re-establish connections.
[19:27:20] Port-forwards alive: 0, dead: 7
WARNING: Some port-forwards have died!
Restart the script to re-establish connections.
[19:28:20] Port-forwards alive: 0, dead: 7
WARNING: Some port-forwards have died!
Restart the script to re-establish connections.
[19:29:20] Port-forwards alive: 0, dead: 7
WARNING: Some port-forwards have died!
Restart the script to re-establish connections.
[19:30:20] Port-forwards alive: 0, dead: 7
WARNING: Some port-forwards have died!
Restart the script to re-establish connections.
[19:31:20] Port-forwards alive: 0, dead: 7
WARNING: Some port-forwards have died!
Restart the script to re-establish connections.
[19:32:20] Port-forwards alive: 0, dead: 7
WARNING: Some port-forwards have died!
Restart the script to re-establish connections.
[19:33:20] Port-forwards alive: 0, dead: 7
WARNING: Some port-forwards have died!
Restart the script to re-establish connections.
[19:34:20] Port-forwards alive: 0, dead: 7
WARNING: Some port-forwards have died!
Restart the script to re-establish connections.
[19:35:20] Port-forwards alive: 0, dead: 7
WARNING: Some port-forwards have died!
Restart the script to re-establish connections.
[19:36:20] Port-forwards alive: 0, dead: 7
WARNING: Some port-forwards have died!
Restart the script to re-establish connections.
[19:37:20] Port-forwards alive: 0, dead: 7
WARNING: Some port-forwards have died!
Restart the script to re-establish connections.
[19:38:20] Port-forwards alive: 0, dead: 7
WARNING: Some port-forwards have died!
Restart the script to re-establish connections.
[19:39:21] Port-forwards alive: 0, dead: 7
WARNING: Some port-forwards have died!
Restart the script to re-establish connections.
[19:40:21] Port-forwards alive: 0, dead: 7
WARNING: Some port-forwards have died!
Restart the script to re-establish connections.
[19:41:21] Port-forwards alive: 0, dead: 7
WARNING: Some port-forwards have died!
Restart the script to re-establish connections.
[19:42:21] Port-forwards alive: 0, dead: 7
WARNING: Some port-forwards have died!
Restart the script to re-establish connections.
[19:43:21] Port-forwards alive: 0, dead: 7
WARNING: Some port-forwards have died!
Restart the script to re-establish connections.
[19:44:21] Port-forwards alive: 0, dead: 7
WARNING: Some port-forwards have died!
Restart the script to re-establish connections.
[19:45:21] Port-forwards alive: 0, dead: 7
WARNING: Some port-forwards have died!
Restart the script to re-establish connections.
[19:46:21] Port-forwards alive: 0, dead: 7
WARNING: Some port-forwards have died!
Restart the script to re-establish connections.
[19:47:21] Port-forwards alive: 0, dead: 7
WARNING: Some port-forwards have died!
Restart the script to re-establish connections.
[19:48:21] Port-forwards alive: 0, dead: 7
WARNING: Some port-forwards have died!
Restart the script to re-establish connections.
[19:49:21] Port-forwards alive: 0, dead: 7
WARNING: Some port-forwards have died!
Restart the script to re-establish connections.
[19:50:21] Port-forwards alive: 0, dead: 7
WARNING: Some port-forwards have died!
Restart the script to re-establish connections.
[19:51:21] Port-forwards alive: 0, dead: 7
WARNING: Some port-forwards have died!
Restart the script to re-establish connections.
[19:52:21] Port-forwards alive: 0, dead: 7
WARNING: Some port-forwards have died!
Restart the script to re-establish connections.
[19:53:21] Port-forwards alive: 0, dead: 7
WARNING: Some port-forwards have died!
Restart the script to re-establish connections.
[19:54:21] Port-forwards alive: 0, dead: 7
WARNING: Some port-forwards have died!
Restart the script to re-establish connections.
[19:55:22] Port-forwards alive: 0, dead: 7
WARNING: Some port-forwards have died!
Restart the script to re-establish connections.
[19:56:22] Port-forwards alive: 0, dead: 7
WARNING: Some port-forwards have died!
Restart the script to re-establish connections.
[19:57:22] Port-forwards alive: 0, dead: 7
WARNING: Some port-forwards have died!
Restart the script to re-establish connections.
[19:58:22] Port-forwards alive: 0, dead: 7
WARNING: Some port-forwards have died!
Restart the script to re-establish connections.
[19:59:22] Port-forwards alive: 0, dead: 7
WARNING: Some port-forwards have died!
Restart the script to re-establish connections.
[20:00:22] Port-forwards alive: 0, dead: 7
WARNING: Some port-forwards have died!
Restart the script to re-establish connections.
[20:01:22] Port-forwards alive: 0, dead: 7
WARNING: Some port-forwards have died!
Restart the script to re-establish connections.
[20:02:22] Port-forwards alive: 0, dead: 7
WARNING: Some port-forwards have died!
Restart the script to re-establish connections.
[20:03:22] Port-forwards alive: 0, dead: 7
WARNING: Some port-forwards have died!
Restart the script to re-establish connections.
[20:04:22] Port-forwards alive: 0, dead: 7
WARNING: Some port-forwards have died!
Restart the script to re-establish connections.
[20:05:22] Port-forwards alive: 0, dead: 7
WARNING: Some port-forwards have died!
Restart the script to re-establish connections.
[20:06:22] Port-forwards alive: 0, dead: 7
WARNING: Some port-forwards have died!
Restart the script to re-establish connections.
[20:07:22] Port-forwards alive: 0, dead: 7
WARNING: Some port-forwards have died!
Restart the script to re-establish connections.
[20:08:22] Port-forwards alive: 0, dead: 7
WARNING: Some port-forwards have died!
Restart the script to re-establish connections.
[20:09:22] Port-forwards alive: 0, dead: 7
WARNING: Some port-forwards have died!
Restart the script to re-establish connections.
[20:10:22] Port-forwards alive: 0, dead: 7
WARNING: Some port-forwards have died!
Restart the script to re-establish connections.
[20:11:23] Port-forwards alive: 0, dead: 7
WARNING: Some port-forwards have died!
Restart the script to re-establish connections.
[20:12:23] Port-forwards alive: 0, dead: 7
WARNING: Some port-forwards have died!
Restart the script to re-establish connections.
[20:13:23] Port-forwards alive: 0, dead: 7
WARNING: Some port-forwards have died!
Restart the script to re-establish connections.
[20:14:23] Port-forwards alive: 0, dead: 7
WARNING: Some port-forwards have died!
Restart the script to re-establish connections.
[20:15:23] Port-forwards alive: 0, dead: 7
WARNING: Some port-forwards have died!
Restart the script to re-establish connections.
[20:16:23] Port-forwards alive: 0, dead: 7
WARNING: Some port-forwards have died!
Restart the script to re-establish connections.
[20:17:23] Port-forwards alive: 0, dead: 7
WARNING: Some port-forwards have died!
Restart the script to re-establish connections.
[20:18:23] Port-forwards alive: 0, dead: 7
WARNING: Some port-forwards have died!
Restart the script to re-establish connections.
[20:19:23] Port-forwards alive: 0, dead: 7
WARNING: Some port-forwards have died!
Restart the script to re-establish connections.
[20:20:23] Port-forwards alive: 0, dead: 7
WARNING: Some port-forwards have died!
Restart the script to re-establish connections.
[20:21:23] Port-forwards alive: 0, dead: 7
WARNING: Some port-forwards have died!
Restart the script to re-establish connections.
[20:22:23] Port-forwards alive: 0, dead: 7
WARNING: Some port-forwards have died!
Restart the script to re-establish connections.
[20:23:23] Port-forwards alive: 0, dead: 7
WARNING: Some port-forwards have died!
Restart the script to re-establish connections.
[20:24:23] Port-forwards alive: 0, dead: 7
WARNING: Some port-forwards have died!
Restart the script to re-establish connections.
[20:25:23] Port-forwards alive: 0, dead: 7
WARNING: Some port-forwards have died!
Restart the script to re-establish connections.
[20:26:23] Port-forwards alive: 0, dead: 7
WARNING: Some port-forwards have died!
Restart the script to re-establish connections.
[20:27:23] Port-forwards alive: 0, dead: 7
WARNING: Some port-forwards have died!
Restart the script to re-establish connections.
[20:28:24] Port-forwards alive: 0, dead: 7
WARNING: Some port-forwards have died!
Restart the script to re-establish connections.
[20:29:24] Port-forwards alive: 0, dead: 7
WARNING: Some port-forwards have died!
Restart the script to re-establish connections.
[20:30:24] Port-forwards alive: 0, dead: 7
WARNING: Some port-forwards have died!
Restart the script to re-establish connections.
[20:31:24] Port-forwards alive: 0, dead: 7
WARNING: Some port-forwards have died!
Restart the script to re-establish connections.
[20:32:24] Port-forwards alive: 0, dead: 7
WARNING: Some port-forwards have died!
Restart the script to re-establish connections.
[20:33:24] Port-forwards alive: 0, dead: 7
WARNING: Some port-forwards have died!
Restart the script to re-establish connections.
[20:34:24] Port-forwards alive: 0, dead: 7
WARNING: Some port-forwards have died!
Restart the script to re-establish connections.
[20:35:24] Port-forwards alive: 0, dead: 7
WARNING: Some port-forwards have died!
Restart the script to re-establish connections.
[20:36:24] Port-forwards alive: 0, dead: 7
WARNING: Some port-forwards have died!
Restart the script to re-establish connections.
[20:37:24] Port-forwards alive: 0, dead: 7
WARNING: Some port-forwards have died!
Restart the script to re-establish connections.
[20:38:24] Port-forwards alive: 0, dead: 7
WARNING: Some port-forwards have died!
Restart the script to re-establish connections.
[20:39:24] Port-forwards alive: 0, dead: 7
WARNING: Some port-forwards have died!
Restart the script to re-establish connections.
[20:40:24] Port-forwards alive: 0, dead: 7
WARNING: Some port-forwards have died!
Restart the script to re-establish connections.
[20:41:24] Port-forwards alive: 0, dead: 7
WARNING: Some port-forwards have died!
Restart the script to re-establish connections.
[20:42:24] Port-forwards alive: 0, dead: 7
WARNING: Some port-forwards have died!
Restart the script to re-establish connections.
[20:43:24] Port-forwards alive: 0, dead: 7
WARNING: Some port-forwards have died!
Restart the script to re-establish connections.
[20:44:24] Port-forwards alive: 0, dead: 7
WARNING: Some port-forwards have died!
Restart the script to re-establish connections.
[20:45:24] Port-forwards alive: 0, dead: 7
WARNING: Some port-forwards have died!
Restart the script to re-establish connections.
[20:46:24] Port-forwards alive: 0, dead: 7
WARNING: Some port-forwards have died!
Restart the script to re-establish connections.
[20:47:24] Port-forwards alive: 0, dead: 7
WARNING: Some port-forwards have died!
Restart the script to re-establish connections.
[20:48:25] Port-forwards alive: 0, dead: 7
WARNING: Some port-forwards have died!
Restart the script to re-establish connections.
[20:49:25] Port-forwards alive: 0, dead: 7
WARNING: Some port-forwards have died!
Restart the script to re-establish connections.
[20:50:25] Port-forwards alive: 0, dead: 7
WARNING: Some port-forwards have died!
Restart the script to re-establish connections.
[20:51:25] Port-forwards alive: 0, dead: 7
WARNING: Some port-forwards have died!
Restart the script to re-establish connections.
[20:52:25] Port-forwards alive: 0, dead: 7
WARNING: Some port-forwards have died!
Restart the script to re-establish connections.
[20:53:25] Port-forwards alive: 0, dead: 7
WARNING: Some port-forwards have died!
Restart the script to re-establish connections.
[20:54:25] Port-forwards alive: 0, dead: 7
WARNING: Some port-forwards have died!
Restart the script to re-establish connections.
[20:55:25] Port-forwards alive: 0, dead: 7
WARNING: Some port-forwards have died!
Restart the script to re-establish connections.
[20:56:25] Port-forwards alive: 0, dead: 7
WARNING: Some port-forwards have died!
Restart the script to re-establish connections.
[20:57:25] Port-forwards alive: 0, dead: 7
WARNING: Some port-forwards have died!
Restart the script to re-establish connections.
[20:58:25] Port-forwards alive: 0, dead: 7
WARNING: Some port-forwards have died!
Restart the script to re-establish connections.
[20:59:25] Port-forwards alive: 0, dead: 7
WARNING: Some port-forwards have died!
Restart the script to re-establish connections.
[21:00:25] Port-forwards alive: 0, dead: 7
WARNING: Some port-forwards have died!
Restart the script to re-establish connections.
[21:01:25] Port-forwards alive: 0, dead: 7
WARNING: Some port-forwards have died!
Restart the script to re-establish connections.
[21:02:25] Port-forwards alive: 0, dead: 7
WARNING: Some port-forwards have died!
Restart the script to re-establish connections.
[21:03:25] Port-forwards alive: 0, dead: 7
WARNING: Some port-forwards have died!
Restart the script to re-establish connections.
[21:04:25] Port-forwards alive: 0, dead: 7
WARNING: Some port-forwards have died!
Restart the script to re-establish connections.
[21:05:25] Port-forwards alive: 0, dead: 7
WARNING: Some port-forwards have died!
Restart the script to re-establish connections.
[21:06:25] Port-forwards alive: 0, dead: 7
WARNING: Some port-forwards have died!
Restart the script to re-establish connections.
[21:07:25] Port-forwards alive: 0, dead: 7
WARNING: Some port-forwards have died!
Restart the script to re-establish connections.
[21:08:25] Port-forwards alive: 0, dead: 7
WARNING: Some port-forwards have died!
Restart the script to re-establish connections.
[21:09:26] Port-forwards alive: 0, dead: 7
WARNING: Some port-forwards have died!
Restart the script to re-establish connections.
[21:10:26] Port-forwards alive: 0, dead: 7
WARNING: Some port-forwards have died!
Restart the script to re-establish connections.
[21:11:26] Port-forwards alive: 0, dead: 7
WARNING: Some port-forwards have died!
Restart the script to re-establish connections.
[21:12:26] Port-forwards alive: 0, dead: 7
WARNING: Some port-forwards have died!
Restart the script to re-establish connections.
[21:13:26] Port-forwards alive: 0, dead: 7
WARNING: Some port-forwards have died!
Restart the script to re-establish connections.
[21:14:26] Port-forwards alive: 0, dead: 7
WARNING: Some port-forwards have died!
Restart the script to re-establish connections.
[21:15:26] Port-forwards alive: 0, dead: 7
WARNING: Some port-forwards have died!
Restart the script to re-establish connections.
[21:16:26] Port-forwards alive: 0, dead: 7
WARNING: Some port-forwards have died!
Restart the script to re-establish connections.
[21:17:26] Port-forwards alive: 0, dead: 7
WARNING: Some port-forwards have died!
Restart the script to re-establish connections.
[21:18:26] Port-forwards alive: 0, dead: 7
WARNING: Some port-forwards have died!
Restart the script to re-establish connections.
[21:19:26] Port-forwards alive: 0, dead: 7
WARNING: Some port-forwards have died!
Restart the script to re-establish connections.
[21:20:26] Port-forwards alive: 0, dead: 7
WARNING: Some port-forwards have died!
Restart the script to re-establish connections.
[21:21:26] Port-forwards alive: 0, dead: 7
WARNING: Some port-forwards have died!
Restart the script to re-establish connections.
[21:22:26] Port-forwards alive: 0, dead: 7
WARNING: Some port-forwards have died!
Restart the script to re-establish connections.
[21:23:26] Port-forwards alive: 0, dead: 7
WARNING: Some port-forwards have died!
Restart the script to re-establish connections.
[21:24:26] Port-forwards alive: 0, dead: 7
WARNING: Some port-forwards have died!
Restart the script to re-establish connections.
[21:25:26] Port-forwards alive: 0, dead: 7
WARNING: Some port-forwards have died!
Restart the script to re-establish connections.
[21:26:26] Port-forwards alive: 0, dead: 7
WARNING: Some port-forwards have died!
Restart the script to re-establish connections.
[21:27:26] Port-forwards alive: 0, dead: 7
WARNING: Some port-forwards have died!
Restart the script to re-establish connections.
[21:28:26] Port-forwards alive: 0, dead: 7
WARNING: Some port-forwards have died!
Restart the script to re-establish connections.
[21:29:27] Port-forwards alive: 0, dead: 7
WARNING: Some port-forwards have died!
Restart the script to re-establish connections.
[21:30:27] Port-forwards alive: 0, dead: 7
WARNING: Some port-forwards have died!
Restart the script to re-establish connections.
[21:31:27] Port-forwards alive: 0, dead: 7
WARNING: Some port-forwards have died!
Restart the script to re-establish connections.
[21:32:27] Port-forwards alive: 0, dead: 7
WARNING: Some port-forwards have died!
Restart the script to re-establish connections.
[21:33:27] Port-forwards alive: 0, dead: 7
WARNING: Some port-forwards have died!
Restart the script to re-establish connections.
[21:34:27] Port-forwards alive: 0, dead: 7
WARNING: Some port-forwards have died!
Restart the script to re-establish connections.
[21:35:27] Port-forwards alive: 0, dead: 7
WARNING: Some port-forwards have died!
Restart the script to re-establish connections.
[21:36:27] Port-forwards alive: 0, dead: 7
WARNING: Some port-forwards have died!
Restart the script to re-establish connections.
[21:37:27] Port-forwards alive: 0, dead: 7
WARNING: Some port-forwards have died!
Restart the script to re-establish connections.
[21:38:27] Port-forwards alive: 0, dead: 7
WARNING: Some port-forwards have died!
Restart the script to re-establish connections.
[21:39:27] Port-forwards alive: 0, dead: 7
WARNING: Some port-forwards have died!
Restart the script to re-establish connections.
[21:40:27] Port-forwards alive: 0, dead: 7
WARNING: Some port-forwards have died!
Restart the script to re-establish connections.
[21:41:27] Port-forwards alive: 0, dead: 7
WARNING: Some port-forwards have died!
Restart the script to re-establish connections.
[21:42:27] Port-forwards alive: 0, dead: 7
WARNING: Some port-forwards have died!
Restart the script to re-establish connections.
[21:43:27] Port-forwards alive: 0, dead: 7
WARNING: Some port-forwards have died!
Restart the script to re-establish connections.
[21:44:27] Port-forwards alive: 0, dead: 7
WARNING: Some port-forwards have died!
Restart the script to re-establish connections.
[21:45:27] Port-forwards alive: 0, dead: 7
WARNING: Some port-forwards have died!
Restart the script to re-establish connections.
[21:46:27] Port-forwards alive: 0, dead: 7
WARNING: Some port-forwards have died!
Restart the script to re-establish connections.
[21:47:27] Port-forwards alive: 0, dead: 7
WARNING: Some port-forwards have died!
Restart the script to re-establish connections.
[21:48:27] Port-forwards alive: 0, dead: 7
WARNING: Some port-forwards have died!
Restart the script to re-establish connections.
[21:49:27] Port-forwards alive: 0, dead: 7
WARNING: Some port-forwards have died!
Restart the script to re-establish connections.
[21:50:27] Port-forwards alive: 0, dead: 7
WARNING: Some port-forwards have died!
Restart the script to re-establish connections.
[21:51:27] Port-forwards alive: 0, dead: 7
WARNING: Some port-forwards have died!
Restart the script to re-establish connections.
[21:52:28] Port-forwards alive: 0, dead: 7
WARNING: Some port-forwards have died!
Restart the script to re-establish connections.
[21:53:28] Port-forwards alive: 0, dead: 7
WARNING: Some port-forwards have died!
Restart the script to re-establish connections.
[21:54:28] Port-forwards alive: 0, dead: 7
WARNING: Some port-forwards have died!
Restart the script to re-establish connections.
[21:55:28] Port-forwards alive: 0, dead: 7
WARNING: Some port-forwards have died!
Restart the script to re-establish connections.
[21:56:28] Port-forwards alive: 0, dead: 7
WARNING: Some port-forwards have died!
Restart the script to re-establish connections.
[21:57:28] Port-forwards alive: 0, dead: 7
WARNING: Some port-forwards have died!
Restart the script to re-establish connections.
[21:58:28] Port-forwards alive: 0, dead: 7
WARNING: Some port-forwards have died!
Restart the script to re-establish connections.
[21:59:28] Port-forwards alive: 0, dead: 7
WARNING: Some port-forwards have died!
Restart the script to re-establish connections.
[22:00:28] Port-forwards alive: 0, dead: 7
WARNING: Some port-forwards have died!
Restart the script to re-establish connections.
[22:01:28] Port-forwards alive: 0, dead: 7
WARNING: Some port-forwards have died!
Restart the script to re-establish connections.
[22:02:28] Port-forwards alive: 0, dead: 7
WARNING: Some port-forwards have died!
Restart the script to re-establish connections.
[22:03:28] Port-forwards alive: 0, dead: 7
WARNING: Some port-forwards have died!
Restart the script to re-establish connections.
[22:04:28] Port-forwards alive: 0, dead: 7
WARNING: Some port-forwards have died!
Restart the script to re-establish connections.
[22:05:28] Port-forwards alive: 0, dead: 7
WARNING: Some port-forwards have died!
Restart the script to re-establish connections.
[22:06:28] Port-forwards alive: 0, dead: 7
WARNING: Some port-forwards have died!
Restart the script to re-establish connections.
[22:07:28] Port-forwards alive: 0, dead: 7
WARNING: Some port-forwards have died!
Restart the script to re-establish connections.
[22:08:28] Port-forwards alive: 0, dead: 7
WARNING: Some port-forwards have died!
Restart the script to re-establish connections.
[22:09:28] Port-forwards alive: 0, dead: 7
WARNING: Some port-forwards have died!
Restart the script to re-establish connections.
[22:10:28] Port-forwards alive: 0, dead: 7
WARNING: Some port-forwards have died!
Restart the script to re-establish connections.
[22:11:28] Port-forwards alive: 0, dead: 7
WARNING: Some port-forwards have died!
Restart the script to re-establish connections.
[22:12:28] Port-forwards alive: 0, dead: 7
WARNING: Some port-forwards have died!
Restart the script to re-establish connections.
[22:13:28] Port-forwards alive: 0, dead: 7
WARNING: Some port-forwards have died!
Restart the script to re-establish connections.
[22:14:29] Port-forwards alive: 0, dead: 7
WARNING: Some port-forwards have died!
Restart the script to re-establish connections.
[22:15:29] Port-forwards alive: 0, dead: 7
WARNING: Some port-forwards have died!
Restart the script to re-establish connections.
[22:16:29] Port-forwards alive: 0, dead: 7
WARNING: Some port-forwards have died!
Restart the script to re-establish connections.
[22:17:29] Port-forwards alive: 0, dead: 7
WARNING: Some port-forwards have died!
Restart the script to re-establish connections.
[22:18:29] Port-forwards alive: 0, dead: 7
WARNING: Some port-forwards have died!
Restart the script to re-establish connections.
[22:19:29] Port-forwards alive: 0, dead: 7
WARNING: Some port-forwards have died!
Restart the script to re-establish connections.
[22:20:29] Port-forwards alive: 0, dead: 7
WARNING: Some port-forwards have died!
Restart the script to re-establish connections.
[22:21:29] Port-forwards alive: 0, dead: 7
WARNING: Some port-forwards have died!
Restart the script to re-establish connections.
[22:22:29] Port-forwards alive: 0, dead: 7
WARNING: Some port-forwards have died!
Restart the script to re-establish connections.
[22:23:29] Port-forwards alive: 0, dead: 7
WARNING: Some port-forwards have died!
Restart the script to re-establish connections.
[22:24:29] Port-forwards alive: 0, dead: 7
WARNING: Some port-forwards have died!
Restart the script to re-establish connections.
[22:25:29] Port-forwards alive: 0, dead: 7
WARNING: Some port-forwards have died!
Restart the script to re-establish connections.
[22:26:29] Port-forwards alive: 0, dead: 7
WARNING: Some port-forwards have died!
Restart the script to re-establish connections.
[22:27:29] Port-forwards alive: 0, dead: 7
WARNING: Some port-forwards have died!
Restart the script to re-establish connections.
[22:28:29] Port-forwards alive: 0, dead: 7
WARNING: Some port-forwards have died!
Restart the script to re-establish connections.
[22:29:29] Port-forwards alive: 0, dead: 7
WARNING: Some port-forwards have died!
Restart the script to re-establish connections.
[22:30:29] Port-forwards alive: 0, dead: 7
WARNING: Some port-forwards have died!
Restart the script to re-establish connections.
[22:31:29] Port-forwards alive: 0, dead: 7
WARNING: Some port-forwards have died!
Restart the script to re-establish connections.
[22:32:29] Port-forwards alive: 0, dead: 7
WARNING: Some port-forwards have died!
Restart the script to re-establish connections.
[22:33:29] Port-forwards alive: 0, dead: 7
WARNING: Some port-forwards have died!
Restart the script to re-establish connections.
[22:34:29] Port-forwards alive: 0, dead: 7
WARNING: Some port-forwards have died!
Restart the script to re-establish connections.
[22:35:29] Port-forwards alive: 0, dead: 7
WARNING: Some port-forwards have died!
Restart the script to re-establish connections.
[22:36:30] Port-forwards alive: 0, dead: 7
WARNING: Some port-forwards have died!
Restart the script to re-establish connections.
[22:37:30] Port-forwards alive: 0, dead: 7
WARNING: Some port-forwards have died!
Restart the script to re-establish connections.
[22:38:30] Port-forwards alive: 0, dead: 7
WARNING: Some port-forwards have died!
Restart the script to re-establish connections.
[22:39:30] Port-forwards alive: 0, dead: 7
WARNING: Some port-forwards have died!
Restart the script to re-establish connections.
[22:40:30] Port-forwards alive: 0, dead: 7
WARNING: Some port-forwards have died!
Restart the script to re-establish connections.
[22:41:30] Port-forwards alive: 0, dead: 7
WARNING: Some port-forwards have died!
Restart the script to re-establish connections.
[22:42:30] Port-forwards alive: 0, dead: 7
WARNING: Some port-forwards have died!
Restart the script to re-establish connections.
[22:43:30] Port-forwards alive: 0, dead: 7
WARNING: Some port-forwards have died!
Restart the script to re-establish connections.
[22:44:30] Port-forwards alive: 0, dead: 7
WARNING: Some port-forwards have died!
Restart the script to re-establish connections.
[22:45:30] Port-forwards alive: 0, dead: 7
WARNING: Some port-forwards have died!
Restart the script to re-establish connections.
[22:46:30] Port-forwards alive: 0, dead: 7
WARNING: Some port-forwards have died!
Restart the script to re-establish connections.
[22:47:30] Port-forwards alive: 0, dead: 7
WARNING: Some port-forwards have died!
Restart the script to re-establish connections.
[22:48:30] Port-forwards alive: 0, dead: 7
WARNING: Some port-forwards have died!
Restart the script to re-establish connections.
[22:49:30] Port-forwards alive: 0, dead: 7
WARNING: Some port-forwards have died!
Restart the script to re-establish connections.
[22:50:30] Port-forwards alive: 0, dead: 7
WARNING: Some port-forwards have died!
Restart the script to re-establish connections.
[22:51:30] Port-forwards alive: 0, dead: 7
WARNING: Some port-forwards have died!
Restart the script to re-establish connections.
[22:52:30] Port-forwards alive: 0, dead: 7
WARNING: Some port-forwards have died!
Restart the script to re-establish connections.
[22:53:30] Port-forwards alive: 0, dead: 7
WARNING: Some port-forwards have died!
Restart the script to re-establish connections.
[22:54:30] Port-forwards alive: 0, dead: 7
WARNING: Some port-forwards have died!
Restart the script to re-establish connections.
[22:55:30] Port-forwards alive: 0, dead: 7
WARNING: Some port-forwards have died!
Restart the script to re-establish connections.
[22:56:30] Port-forwards alive: 0, dead: 7
WARNING: Some port-forwards have died!
Restart the script to re-establish connections.
[22:57:30] Port-forwards alive: 0, dead: 7
WARNING: Some port-forwards have died!
Restart the script to re-establish connections.
[22:58:31] Port-forwards alive: 0, dead: 7
WARNING: Some port-forwards have died!
Restart the script to re-establish connections.
[22:59:31] Port-forwards alive: 0, dead: 7
WARNING: Some port-forwards have died!
Restart the script to re-establish connections.
[23:00:31] Port-forwards alive: 0, dead: 7
WARNING: Some port-forwards have died!
Restart the script to re-establish connections.
[23:01:31] Port-forwards alive: 0, dead: 7
WARNING: Some port-forwards have died!
Restart the script to re-establish connections.
[23:02:31] Port-forwards alive: 0, dead: 7
WARNING: Some port-forwards have died!
Restart the script to re-establish connections.
[23:03:31] Port-forwards alive: 0, dead: 7
WARNING: Some port-forwards have died!
Restart the script to re-establish connections.
[23:04:31] Port-forwards alive: 0, dead: 7
WARNING: Some port-forwards have died!
Restart the script to re-establish connections.
[23:05:31] Port-forwards alive: 0, dead: 7
WARNING: Some port-forwards have died!
Restart the script to re-establish connections.
[23:06:31] Port-forwards alive: 0, dead: 7
WARNING: Some port-forwards have died!
Restart the script to re-establish connections.
[23:07:31] Port-forwards alive: 0, dead: 7
WARNING: Some port-forwards have died!
Restart the script to re-establish connections.
[23:08:31] Port-forwards alive: 0, dead: 7
WARNING: Some port-forwards have died!
Restart the script to re-establish connections.
[23:09:31] Port-forwards alive: 0, dead: 7
WARNING: Some port-forwards have died!
Restart the script to re-establish connections.
[23:10:31] Port-forwards alive: 0, dead: 7
WARNING: Some port-forwards have died!
Restart the script to re-establish connections.
[23:11:31] Port-forwards alive: 0, dead: 7
WARNING: Some port-forwards have died!
Restart the script to re-establish connections.
[23:12:31] Port-forwards alive: 0, dead: 7
WARNING: Some port-forwards have died!
Restart the script to re-establish connections.
[23:13:31] Port-forwards alive: 0, dead: 7
WARNING: Some port-forwards have died!
Restart the script to re-establish connections.
[23:14:31] Port-forwards alive: 0, dead: 7
WARNING: Some port-forwards have died!
Restart the script to re-establish connections.
[23:15:31] Port-forwards alive: 0, dead: 7
WARNING: Some port-forwards have died!
Restart the script to re-establish connections.
[23:16:31] Port-forwards alive: 0, dead: 7
WARNING: Some port-forwards have died!
Restart the script to re-establish connections.
[23:17:31] Port-forwards alive: 0, dead: 7
WARNING: Some port-forwards have died!
Restart the script to re-establish connections.
[23:18:31] Port-forwards alive: 0, dead: 7
WARNING: Some port-forwards have died!
Restart the script to re-establish connections.
[23:19:32] Port-forwards alive: 0, dead: 7
WARNING: Some port-forwards have died!
Restart the script to re-establish connections.
[23:20:32] Port-forwards alive: 0, dead: 7
WARNING: Some port-forwards have died!
Restart the script to re-establish connections.
[23:21:32] Port-forwards alive: 0, dead: 7
WARNING: Some port-forwards have died!
Restart the script to re-establish connections.
[23:22:32] Port-forwards alive: 0, dead: 7
WARNING: Some port-forwards have died!
Restart the script to re-establish connections.
[23:23:32] Port-forwards alive: 0, dead: 7
WARNING: Some port-forwards have died!
Restart the script to re-establish connections.
[23:24:32] Port-forwards alive: 0, dead: 7
WARNING: Some port-forwards have died!
Restart the script to re-establish connections.
[23:25:32] Port-forwards alive: 0, dead: 7
WARNING: Some port-forwards have died!
Restart the script to re-establish connections.
[23:26:32] Port-forwards alive: 0, dead: 7
WARNING: Some port-forwards have died!
Restart the script to re-establish connections.
[23:27:32] Port-forwards alive: 0, dead: 7
WARNING: Some port-forwards have died!
Restart the script to re-establish connections.
[23:28:32] Port-forwards alive: 0, dead: 7
WARNING: Some port-forwards have died!
Restart the script to re-establish connections.
[23:29:32] Port-forwards alive: 0, dead: 7
WARNING: Some port-forwards have died!
Restart the script to re-establish connections.
[23:30:32] Port-forwards alive: 0, dead: 7
WARNING: Some port-forwards have died!
Restart the script to re-establish connections.
[23:31:32] Port-forwards alive: 0, dead: 7
WARNING: Some port-forwards have died!
Restart the script to re-establish connections.
[23:32:32] Port-forwards alive: 0, dead: 7
WARNING: Some port-forwards have died!
Restart the script to re-establish connections.
[23:33:32] Port-forwards alive: 0, dead: 7
WARNING: Some port-forwards have died!
Restart the script to re-establish connections.
[23:34:32] Port-forwards alive: 0, dead: 7
WARNING: Some port-forwards have died!
Restart the script to re-establish connections.
[23:35:32] Port-forwards alive: 0, dead: 7
WARNING: Some port-forwards have died!
Restart the script to re-establish connections.
[23:36:32] Port-forwards alive: 0, dead: 7
WARNING: Some port-forwards have died!
Restart the script to re-establish connections.
[23:37:32] Port-forwards alive: 0, dead: 7
WARNING: Some port-forwards have died!
Restart the script to re-establish connections.
[23:38:32] Port-forwards alive: 0, dead: 7
WARNING: Some port-forwards have died!
Restart the script to re-establish connections.
[23:39:33] Port-forwards alive: 0, dead: 7
WARNING: Some port-forwards have died!
Restart the script to re-establish connections.
[23:40:33] Port-forwards alive: 0, dead: 7
WARNING: Some port-forwards have died!
Restart the script to re-establish connections.
[23:41:33] Port-forwards alive: 0, dead: 7
WARNING: Some port-forwards have died!
Restart the script to re-establish connections.
[23:42:33] Port-forwards alive: 0, dead: 7
WARNING: Some port-forwards have died!
Restart the script to re-establish connections.
[23:43:33] Port-forwards alive: 0, dead: 7
WARNING: Some port-forwards have died!
Restart the script to re-establish connections.
[23:44:33] Port-forwards alive: 0, dead: 7
WARNING: Some port-forwards have died!
Restart the script to re-establish connections.
[23:45:33] Port-forwards alive: 0, dead: 7
WARNING: Some port-forwards have died!
Restart the script to re-establish connections.
[23:46:33] Port-forwards alive: 0, dead: 7
WARNING: Some port-forwards have died!
Restart the script to re-establish connections.
[23:47:33] Port-forwards alive: 0, dead: 7
WARNING: Some port-forwards have died!
Restart the script to re-establish connections.
[23:48:33] Port-forwards alive: 0, dead: 7
WARNING: Some port-forwards have died!
Restart the script to re-establish connections.
[23:49:33] Port-forwards alive: 0, dead: 7
WARNING: Some port-forwards have died!
Restart the script to re-establish connections.
[23:50:33] Port-forwards alive: 0, dead: 7
WARNING: Some port-forwards have died!
Restart the script to re-establish connections.
[23:51:33] Port-forwards alive: 0, dead: 7
WARNING: Some port-forwards have died!
Restart the script to re-establish connections.
[23:52:33] Port-forwards alive: 0, dead: 7
WARNING: Some port-forwards have died!
Restart the script to re-establish connections.
[23:53:33] Port-forwards alive: 0, dead: 7
WARNING: Some port-forwards have died!
Restart the script to re-establish connections.
[23:54:33] Port-forwards alive: 0, dead: 7
WARNING: Some port-forwards have died!
Restart the script to re-establish connections.
[23:55:33] Port-forwards alive: 0, dead: 7
WARNING: Some port-forwards have died!
Restart the script to re-establish connections.
[23:56:33] Port-forwards alive: 0, dead: 7
WARNING: Some port-forwards have died!
Restart the script to re-establish connections.
[23:57:33] Port-forwards alive: 0, dead: 7
WARNING: Some port-forwards have died!
Restart the script to re-establish connections.
[23:58:34] Port-forwards alive: 0, dead: 7
WARNING: Some port-forwards have died!
Restart the script to re-establish connections.
[23:59:34] Port-forwards alive: 0, dead: 7
WARNING: Some port-forwards have died!
Restart the script to re-establish connections.
[00:00:34] Port-forwards alive: 0, dead: 7
WARNING: Some port-forwards have died!
Restart the script to re-establish connections.
[00:01:34] Port-forwards alive: 0, dead: 7
WARNING: Some port-forwards have died!
Restart the script to re-establish connections.
[00:02:34] Port-forwards alive: 0, dead: 7
WARNING: Some port-forwards have died!
Restart the script to re-establish connections.
[00:03:34] Port-forwards alive: 0, dead: 7
WARNING: Some port-forwards have died!
Restart the script to re-establish connections.
[00:04:34] Port-forwards alive: 0, dead: 7
WARNING: Some port-forwards have died!
Restart the script to re-establish connections.
[00:05:34] Port-forwards alive: 0, dead: 7
WARNING: Some port-forwards have died!
Restart the script to re-establish connections.
[00:06:34] Port-forwards alive: 0, dead: 7
WARNING: Some port-forwards have died!
Restart the script to re-establish connections.
[00:07:34] Port-forwards alive: 0, dead: 7
WARNING: Some port-forwards have died!
Restart the script to re-establish connections.
[00:08:34] Port-forwards alive: 0, dead: 7
WARNING: Some port-forwards have died!
Restart the script to re-establish connections.
[00:09:34] Port-forwards alive: 0, dead: 7
WARNING: Some port-forwards have died!
Restart the script to re-establish connections.
[00:10:34] Port-forwards alive: 0, dead: 7
WARNING: Some port-forwards have died!
Restart the script to re-establish connections.
[00:11:34] Port-forwards alive: 0, dead: 7
WARNING: Some port-forwards have died!
Restart the script to re-establish connections.
[00:12:34] Port-forwards alive: 0, dead: 7
WARNING: Some port-forwards have died!
Restart the script to re-establish connections.
[00:13:34] Port-forwards alive: 0, dead: 7
WARNING: Some port-forwards have died!
Restart the script to re-establish connections.
[00:14:34] Port-forwards alive: 0, dead: 7
WARNING: Some port-forwards have died!
Restart the script to re-establish connections.
[00:15:34] Port-forwards alive: 0, dead: 7
WARNING: Some port-forwards have died!
Restart the script to re-establish connections.
[00:16:34] Port-forwards alive: 0, dead: 7
WARNING: Some port-forwards have died!
Restart the script to re-establish connections.
[00:17:34] Port-forwards alive: 0, dead: 7
WARNING: Some port-forwards have died!
Restart the script to re-establish connections.
[00:18:35] Port-forwards alive: 0, dead: 7
WARNING: Some port-forwards have died!
Restart the script to re-establish connections.
[00:19:35] Port-forwards alive: 0, dead: 7
WARNING: Some port-forwards have died!
Restart the script to re-establish connections.
[00:20:35] Port-forwards alive: 0, dead: 7
WARNING: Some port-forwards have died!
Restart the script to re-establish connections.
[00:21:35] Port-forwards alive: 0, dead: 7
WARNING: Some port-forwards have died!
Restart the script to re-establish connections.
[00:22:35] Port-forwards alive: 0, dead: 7
WARNING: Some port-forwards have died!
Restart the script to re-establish connections.
[00:23:48] Port-forwards alive: 0, dead: 7
WARNING: Some port-forwards have died!
Restart the script to re-establish connections.
[00:24:48] Port-forwards alive: 0, dead: 7
WARNING: Some port-forwards have died!
Restart the script to re-establish connections.
[00:25:48] Port-forwards alive: 0, dead: 7
WARNING: Some port-forwards have died!
Restart the script to re-establish connections.
[00:26:48] Port-forwards alive: 0, dead: 7
WARNING: Some port-forwards have died!
Restart the script to re-establish connections.
[00:27:48] Port-forwards alive: 0, dead: 7
WARNING: Some port-forwards have died!
Restart the script to re-establish connections.
[01:02:06] Port-forwards alive: 0, dead: 7
WARNING: Some port-forwards have died!
Restart the script to re-establish connections.
[02:29:55] Port-forwards alive: 0, dead: 7
WARNING: Some port-forwards have died!
Restart the script to re-establish connections.
[04:02:12] Port-forwards alive: 0, dead: 7
WARNING: Some port-forwards have died!
Restart the script to re-establish connections.
[06:06:23] Port-forwards alive: 0, dead: 7
WARNING: Some port-forwards have died!
Restart the script to re-establish connections.
[08:13:04] Port-forwards alive: 0, dead: 7
WARNING: Some port-forwards have died!
Restart the script to re-establish connections.
[10:08:32] Port-forwards alive: 0, dead: 7
WARNING: Some port-forwards have died!
Restart the script to re-establish connections.
[12:28:02] Port-forwards alive: 0, dead: 7
WARNING: Some port-forwards have died!
Restart the script to re-establish connections.
[14:41:50] Port-forwards alive: 0, dead: 7
WARNING: Some port-forwards have died!
Restart the script to re-establish connections.
[16:02:21] Port-forwards alive: 0, dead: 7
WARNING: Some port-forwards have died!
Restart the script to re-establish connections.
[16:03:21] Port-forwards alive: 0, dead: 7
WARNING: Some port-forwards have died!
Restart the script to re-establish connections.
[16:04:21] Port-forwards alive: 0, dead: 7
WARNING: Some port-forwards have died!
Restart the script to re-establish connections.
[16:05:21] Port-forwards alive: 0, dead: 7
WARNING: Some port-forwards have died!
Restart the script to re-establish connections.
[16:06:21] Port-forwards alive: 0, dead: 7
WARNING: Some port-forwards have died!
Restart the script to re-establish connections.
[16:07:21] Port-forwards alive: 0, dead: 7
WARNING: Some port-forwards have died!
Restart the script to re-establish connections.
[16:08:21] Port-forwards alive: 0, dead: 7
WARNING: Some port-forwards have died!
Restart the script to re-establish connections.
[16:09:21] Port-forwards alive: 0, dead: 7
WARNING: Some port-forwards have died!
Restart the script to re-establish connections.
[16:10:21] Port-forwards alive: 0, dead: 7
WARNING: Some port-forwards have died!
Restart the script to re-establish connections.
[16:11:21] Port-forwards alive: 0, dead: 7
WARNING: Some port-forwards have died!
Restart the script to re-establish connections.
[16:12:21] Port-forwards alive: 0, dead: 7
WARNING: Some port-forwards have died!
Restart the script to re-establish connections.
[16:13:22] Port-forwards alive: 0, dead: 7
WARNING: Some port-forwards have died!
Restart the script to re-establish connections.
[16:14:22] Port-forwards alive: 0, dead: 7
WARNING: Some port-forwards have died!
Restart the script to re-establish connections.
[16:15:22] Port-forwards alive: 0, dead: 7
WARNING: Some port-forwards have died!
Restart the script to re-establish connections.
[16:16:22] Port-forwards alive: 0, dead: 7
WARNING: Some port-forwards have died!
Restart the script to re-establish connections.
[16:17:22] Port-forwards alive: 0, dead: 7
WARNING: Some port-forwards have died!
Restart the script to re-establish connections.
[16:18:22] Port-forwards alive: 0, dead: 7
WARNING: Some port-forwards have died!
Restart the script to re-establish connections.
[16:19:22] Port-forwards alive: 0, dead: 7
WARNING: Some port-forwards have died!
Restart the script to re-establish connections.
[16:20:22] Port-forwards alive: 0, dead: 7
WARNING: Some port-forwards have died!
Restart the script to re-establish connections.
[16:21:22] Port-forwards alive: 0, dead: 7
WARNING: Some port-forwards have died!
Restart the script to re-establish connections.
[16:22:22] Port-forwards alive: 0, dead: 7
WARNING: Some port-forwards have died!
Restart the script to re-establish connections.
[16:23:22] Port-forwards alive: 0, dead: 7
WARNING: Some port-forwards have died!
Restart the script to re-establish connections.
[16:24:22] Port-forwards alive: 0, dead: 7
WARNING: Some port-forwards have died!
Restart the script to re-establish connections.
[16:25:22] Port-forwards alive: 0, dead: 7
WARNING: Some port-forwards have died!
Restart the script to re-establish connections.
[16:26:22] Port-forwards alive: 0, dead: 7
WARNING: Some port-forwards have died!
Restart the script to re-establish connections.
[16:27:22] Port-forwards alive: 0, dead: 7
WARNING: Some port-forwards have died!
Restart the script to re-establish connections.
[16:28:22] Port-forwards alive: 0, dead: 7
WARNING: Some port-forwards have died!
Restart the script to re-establish connections.
[16:29:22] Port-forwards alive: 0, dead: 7
WARNING: Some port-forwards have died!
Restart the script to re-establish connections.
[16:30:22] Port-forwards alive: 0, dead: 7
WARNING: Some port-forwards have died!
Restart the script to re-establish connections.
[16:31:22] Port-forwards alive: 0, dead: 7
WARNING: Some port-forwards have died!
Restart the script to re-establish connections.
[16:32:22] Port-forwards alive: 0, dead: 7
WARNING: Some port-forwards have died!
Restart the script to re-establish connections.
[16:33:23] Port-forwards alive: 0, dead: 7
WARNING: Some port-forwards have died!
Restart the script to re-establish connections.
[16:34:23] Port-forwards alive: 0, dead: 7
WARNING: Some port-forwards have died!
Restart the script to re-establish connections.
[16:35:23] Port-forwards alive: 0, dead: 7
WARNING: Some port-forwards have died!
Restart the script to re-establish connections.
[16:36:23] Port-forwards alive: 0, dead: 7
WARNING: Some port-forwards have died!
Restart the script to re-establish connections.
[16:37:23] Port-forwards alive: 0, dead: 7
WARNING: Some port-forwards have died!
Restart the script to re-establish connections.
[16:38:23] Port-forwards alive: 0, dead: 7
WARNING: Some port-forwards have died!
Restart the script to re-establish connections.
[16:39:23] Port-forwards alive: 0, dead: 7
WARNING: Some port-forwards have died!
Restart the script to re-establish connections.
[16:40:23] Port-forwards alive: 0, dead: 7
WARNING: Some port-forwards have died!
Restart the script to re-establish connections.
[16:41:23] Port-forwards alive: 0, dead: 7
WARNING: Some port-forwards have died!
Restart the script to re-establish connections.
[16:42:23] Port-forwards alive: 0, dead: 7
WARNING: Some port-forwards have died!
Restart the script to re-establish connections.
[16:43:23] Port-forwards alive: 0, dead: 7
WARNING: Some port-forwards have died!
Restart the script to re-establish connections.
[16:44:23] Port-forwards alive: 0, dead: 7
WARNING: Some port-forwards have died!
Restart the script to re-establish connections.
[16:45:23] Port-forwards alive: 0, dead: 7
WARNING: Some port-forwards have died!
Restart the script to re-establish connections.
[16:46:23] Port-forwards alive: 0, dead: 7
WARNING: Some port-forwards have died!
Restart the script to re-establish connections.
[16:47:23] Port-forwards alive: 0, dead: 7
WARNING: Some port-forwards have died!
Restart the script to re-establish connections.
[16:48:23] Port-forwards alive: 0, dead: 7
WARNING: Some port-forwards have died!
Restart the script to re-establish connections.
[16:49:24] Port-forwards alive: 0, dead: 7
WARNING: Some port-forwards have died!
Restart the script to re-establish connections.
[16:50:24] Port-forwards alive: 0, dead: 7
WARNING: Some port-forwards have died!
Restart the script to re-establish connections.
[16:51:24] Port-forwards alive: 0, dead: 7
WARNING: Some port-forwards have died!
Restart the script to re-establish connections.
[16:52:24] Port-forwards alive: 0, dead: 7
WARNING: Some port-forwards have died!
Restart the script to re-establish connections.
[16:53:24] Port-forwards alive: 0, dead: 7
WARNING: Some port-forwards have died!
Restart the script to re-establish connections.
[16:54:24] Port-forwards alive: 0, dead: 7
WARNING: Some port-forwards have died!
Restart the script to re-establish connections.
[16:55:24] Port-forwards alive: 0, dead: 7
WARNING: Some port-forwards have died!
Restart the script to re-establish connections.
[16:56:24] Port-forwards alive: 0, dead: 7
WARNING: Some port-forwards have died!
Restart the script to re-establish connections.
[16:57:24] Port-forwards alive: 0, dead: 7
WARNING: Some port-forwards have died!
Restart the script to re-establish connections.
[16:58:24] Port-forwards alive: 0, dead: 7
WARNING: Some port-forwards have died!
Restart the script to re-establish connections.
[16:59:24] Port-forwards alive: 0, dead: 7
WARNING: Some port-forwards have died!
Restart the script to re-establish connections.
[17:00:24] Port-forwards alive: 0, dead: 7
WARNING: Some port-forwards have died!
Restart the script to re-establish connections.
[17:01:24] Port-forwards alive: 0, dead: 7
WARNING: Some port-forwards have died!
Restart the script to re-establish connections.
[17:02:24] Port-forwards alive: 0, dead: 7
WARNING: Some port-forwards have died!
Restart the script to re-establish connections.
[17:03:24] Port-forwards alive: 0, dead: 7
WARNING: Some port-forwards have died!
Restart the script to re-establish connections.
[17:04:24] Port-forwards alive: 0, dead: 7
WARNING: Some port-forwards have died!
Restart the script to re-establish connections.
[17:05:25] Port-forwards alive: 0, dead: 7
WARNING: Some port-forwards have died!
Restart the script to re-establish connections.
[17:06:25] Port-forwards alive: 0, dead: 7
WARNING: Some port-forwards have died!
Restart the script to re-establish connections.
[17:07:25] Port-forwards alive: 0, dead: 7
WARNING: Some port-forwards have died!
Restart the script to re-establish connections.
[17:08:25] Port-forwards alive: 0, dead: 7
WARNING: Some port-forwards have died!
Restart the script to re-establish connections.
[17:09:25] Port-forwards alive: 0, dead: 7
WARNING: Some port-forwards have died!
Restart the script to re-establish connections.
[17:10:25] Port-forwards alive: 0, dead: 7
WARNING: Some port-forwards have died!
Restart the script to re-establish connections.
[17:11:25] Port-forwards alive: 0, dead: 7
WARNING: Some port-forwards have died!
Restart the script to re-establish connections.
[17:12:25] Port-forwards alive: 0, dead: 7
WARNING: Some port-forwards have died!
Restart the script to re-establish connections.
the script to re-establish connections.
[16:42:08] Port-forwards alive: 0, dead: 7
WARNING: Some port-forwards have died!
Restart the script to re-establish connections.
[16:43:08] Port-forwards alive: 0, dead: 7
WARNING: Some port-forwards have died!
Restart the script to re-establish connections.
[16:44:08] Port-forwards alive: 0, dead: 7
WARNING: Some port-forwards have died!
Restart the script to re-establish connections.
[16:45:08] Port-forwards alive: 0, dead: 7
WARNING: Some port-forwards have died!
Restart the script to re-establish connections.
[16:46:08] Port-forwards alive: 0, dead: 7
WARNING: Some port-forwards have died!
Restart the script to re-establish connections.
[16:47:08] Port-forwards alive: 0, dead: 7
WARNING: Some port-forwards have died!
Restart the script to re-establish connections.
[16:48:08] Port-forwards alive: 0, dead: 7
WARNING: Some port-forwards have died!
Restart the script to re-establish connections.
[16:49:08] Port-forwards alive: 0, dead: 7
WARNING: Some port-forwards have died!
Restart the script to re-establish connections.
[16:50:08] Port-forwards alive: 0, dead: 7
WARNING: Some port-forwards have died!
Restart the script to re-establish connections.
[16:51:08] Port-forwards alive: 0, dead: 7
WARNING: Some port-forwards have died!
Restart the script to re-establish connections.
[16:52:08] Port-forwards alive: 0, dead: 7
WARNING: Some port-forwards have died!
Restart the script to re-establish connections.
[16:53:09] Port-forwards alive: 0, dead: 7
WARNING: Some port-forwards have died!
Restart the script to re-establish connections.
[16:54:09] Port-forwards alive: 0, dead: 7
WARNING: Some port-forwards have died!
Restart the script to re-establish connections.
[16:55:09] Port-forwards alive: 0, dead: 7
WARNING: Some port-forwards have died!
Restart the script to re-establish connections.
[16:56:09] Port-forwards alive: 0, dead: 7
WARNING: Some port-forwards have died!
Restart the script to re-establish connections.
[16:57:09] Port-forwards alive: 0, dead: 7
WARNING: Some port-forwards have died!
Restart the script to re-establish connections.
[16:58:09] Port-forwards alive: 0, dead: 7
WARNING: Some port-forwards have died!
Restart the script to re-establish connections.
[16:59:09] Port-forwards alive: 0, dead: 7
WARNING: Some port-forwards have died!
Restart the script to re-establish connections.
[17:00:09] Port-forwards alive: 0, dead: 7
WARNING: Some port-forwards have died!
Restart the script to re-establish connections.
[17:01:09] Port-forwards alive: 0, dead: 7
WARNING: Some port-forwards have died!
Restart the script to re-establish connections.
[17:02:09] Port-forwards alive: 0, dead: 7
WARNING: Some port-forwards have died!
Restart the script to re-establish connections.
[17:03:09] Port-forwards alive: 0, dead: 7
WARNING: Some port-forwards have died!
Restart the script to re-establish connections.
[17:04:09] Port-forwards alive: 0, dead: 7
WARNING: Some port-forwards have died!
Restart the script to re-establish connections.
[17:05:09] Port-forwards alive: 0, dead: 7
WARNING: Some port-forwards have died!
Restart the script to re-establish connections.
[17:06:09] Port-forwards alive: 0, dead: 7
WARNING: Some port-forwards have died!
Restart the script to re-establish connections.
[17:07:09] Port-forwards alive: 0, dead: 7
WARNING: Some port-forwards have died!
Restart the script to re-establish connections.
[17:08:09] Port-forwards alive: 0, dead: 7
WARNING: Some port-forwards have died!
Restart the script to re-establish connections.
[17:09:10] Port-forwards alive: 0, dead: 7
WARNING: Some port-forwards have died!
Restart the script to re-establish connections.
[17:10:10] Port-forwards alive: 0, dead: 7
WARNING: Some port-forwards have died!
Restart the script to re-establish connections.
[17:11:10] Port-forwards alive: 0, dead: 7
WARNING: Some port-forwards have died!
Restart the script to re-establish connections.
[17:12:10] Port-forwards alive: 0, dead: 7
WARNING: Some port-forwards have died!
Restart the script to re-establish connections.
